Year,State,Disease,Mortality,Population,Rate
2010,AK,Alcohol (Chronic liver disease),70,714015,9.80E-05
2010,AL,Alcohol (Chronic liver disease),504,4785579,0.000105316
2010,AR,Alcohol (Chronic liver disease),327,2921737,0.00011192
2010,AZ,Alcohol (Chronic liver disease),870,6407002,0.000135789
2010,CA,Alcohol (Chronic liver disease),4287,37327690,0.000114848
2010,CO,Alcohol (Chronic liver disease),599,5048029,0.00011866
2010,CT,Alcohol (Chronic liver disease),303,3580171,8.46E-05
2010,DC,Alcohol (Chronic liver disease),54,605040,8.93E-05
2010,DE,Alcohol (Chronic liver disease),93,899712,0.000103366
2010,FL,Alcohol (Chronic liver disease),2480,18846461,0.00013159
2010,GA,Alcohol (Chronic liver disease),743,9712696,7.65E-05
2010,HI,Alcohol (Chronic liver disease),102,1363817,7.48E-05
2010,IA,Alcohol (Chronic liver disease),277,3050223,9.08E-05
2010,ID,Alcohol (Chronic liver disease),150,1570912,9.55E-05
2010,IL,Alcohol (Chronic liver disease),1123,12841196,8.75E-05
2010,IN,Alcohol (Chronic liver disease),634,6490029,9.77E-05
2010,KS,Alcohol (Chronic liver disease),244,2858403,8.54E-05
2010,KY,Alcohol (Chronic liver disease),463,4347948,0.000106487
2010,LA,Alcohol (Chronic liver disease),390,4544871,8.58E-05
2010,MA,Alcohol (Chronic liver disease),584,6564943,8.90E-05
2010,MD,Alcohol (Chronic liver disease),453,5788099,7.83E-05
2010,ME,Alcohol (Chronic liver disease),154,1327568,0.000116002
2010,MI,Alcohol (Chronic liver disease),1130,9876731,0.00011441
2010,MN,Alcohol (Chronic liver disease),414,5310711,7.80E-05
2010,MO,Alcohol (Chronic liver disease),530,5995681,8.84E-05
2010,MS,Alcohol (Chronic liver disease),291,2970437,9.80E-05
2010,MT,Alcohol (Chronic liver disease),124,990507,0.000125188
2010,NC,Alcohol (Chronic liver disease),932,9574247,9.73E-05
2010,ND,Alcohol (Chronic liver disease),70,674518,0.000103778
2010,NE,Alcohol (Chronic liver disease),160,1829956,8.74E-05
2010,NH,Alcohol (Chronic liver disease),103,1316700,7.82E-05
2010,NJ,Alcohol (Chronic liver disease),732,8803708,8.31E-05
2010,NM,Alcohol (Chronic liver disease),377,2064607,0.000182601
2010,NV,Alcohol (Chronic liver disease),316,2702797,0.000116916
2010,NY,Alcohol (Chronic liver disease),1434,19405185,7.39E-05
2010,OH,Alcohol (Chronic liver disease),1244,11539282,0.000107806
2010,OK,Alcohol (Chronic liver disease),501,3759529,0.000133261
2010,OR,Alcohol (Chronic liver disease),509,3837073,0.000132653
2010,PA,Alcohol (Chronic liver disease),1200,12711063,9.44E-05
2010,RI,Alcohol (Chronic liver disease),123,1053169,0.00011679
2010,SC,Alcohol (Chronic liver disease),571,4635834,0.000123171
2010,SD,Alcohol (Chronic liver disease),85,816227,0.000104138
2010,TN,Alcohol (Chronic liver disease),735,6355882,0.000115641
2010,TX,Alcohol (Chronic liver disease),2873,25241648,0.00011382
2010,UT,Alcohol (Chronic liver disease),167,2775260,6.02E-05
2010,VA,Alcohol (Chronic liver disease),693,8025206,8.64E-05
2010,VT,Alcohol (Chronic liver disease),55,625842,8.79E-05
2010,WA,Alcohol (Chronic liver disease),783,6741386,0.000116148
2010,WI,Alcohol (Chronic liver disease),528,5690403,9.28E-05
2010,WV,Alcohol (Chronic liver disease),244,1854315,0.000131585
2010,WY,Alcohol (Chronic liver disease),75,564376,0.00013289
2010,AK,Asthma,1,714015,0.002128046
2010,AL,Asthma,61,4785579,1.27E-05
2010,AR,Asthma,37,2921737,1.27E-05
2010,AZ,Asthma,58,6407002,9.05E-06
2010,CA,Asthma,403,37327690,1.08E-05
2010,CO,Asthma,48,5048029,9.51E-06
2010,CT,Asthma,45,3580171,1.26E-05
2010,DC,Asthma,1,605040,0.002128046
2010,DE,Asthma,1,899712,0.002128046
2010,FL,Asthma,177,18846461,9.39E-06
2010,GA,Asthma,97,9712696,9.99E-06
2010,HI,Asthma,1,1363817,0.002128046
2010,IA,Asthma,46,3050223,1.51E-05
2010,ID,Asthma,21,1570912,1.34E-05
2010,IL,Asthma,183,12841196,1.43E-05
2010,IN,Asthma,69,6490029,1.06E-05
2010,KS,Asthma,33,2858403,1.15E-05
2010,KY,Asthma,44,4347948,1.01E-05
2010,LA,Asthma,36,4544871,7.92E-06
2010,MA,Asthma,50,6564943,7.62E-06
2010,MD,Asthma,71,5788099,1.23E-05
2010,ME,Asthma,1,1327568,0.002128046
2010,MI,Asthma,105,9876731,1.06E-05
2010,MN,Asthma,73,5310711,1.37E-05
2010,MO,Asthma,76,5995681,1.27E-05
2010,MS,Asthma,49,2970437,1.65E-05
2010,MT,Asthma,1,990507,0.002128046
2010,NC,Asthma,101,9574247,1.05E-05
2010,ND,Asthma,1,674518,0.002128046
2010,NE,Asthma,26,1829956,1.42E-05
2010,NH,Asthma,1,1316700,0.002128046
2010,NJ,Asthma,80,8803708,9.09E-06
2010,NM,Asthma,22,2064607,1.07E-05
2010,NV,Asthma,27,2702797,9.99E-06
2010,NY,Asthma,283,19405185,1.46E-05
2010,OH,Asthma,151,11539282,1.31E-05
2010,OK,Asthma,34,3759529,9.04E-06
2010,OR,Asthma,60,3837073,1.56E-05
2010,PA,Asthma,132,12711063,1.04E-05
2010,RI,Asthma,1,1053169,0.002128046
2010,SC,Asthma,66,4635834,1.42E-05
2010,SD,Asthma,1,816227,0.002128046
2010,TN,Asthma,67,6355882,1.05E-05
2010,TX,Asthma,192,25241648,7.61E-06
2010,UT,Asthma,28,2775260,1.01E-05
2010,VA,Asthma,69,8025206,8.60E-06
2010,VT,Asthma,1,625842,0.002128046
2010,WA,Asthma,75,6741386,1.11E-05
2010,WI,Asthma,63,5690403,1.11E-05
2010,WV,Asthma,24,1854315,1.29E-05
2010,WY,Asthma,1,564376,0.002128046
2010,AK,Cancer (Invasive),946,714015,0.001324902
2010,AL,Cancer (Invasive),10263,4785579,0.002144568
2010,AR,Cancer (Invasive),6549,2921737,0.002241475
2010,AZ,Cancer (Invasive),11051,6407002,0.001724832
2010,CA,Cancer (Invasive),57340,37327690,0.001536125
2010,CO,Cancer (Invasive),7231,5048029,0.00143244
2010,CT,Cancer (Invasive),6742,3580171,0.00188315
2010,DC,Cancer (Invasive),1081,605040,0.001786659
2010,DE,Cancer (Invasive),1925,899712,0.002139574
2010,FL,Cancer (Invasive),42256,18846461,0.002242119
2010,GA,Cancer (Invasive),16032,9712696,0.001650623
2010,HI,Cancer (Invasive),2331,1363817,0.001709174
2010,IA,Cancer (Invasive),6458,3050223,0.002117222
2010,ID,Cancer (Invasive),2635,1570912,0.00167737
2010,IL,Cancer (Invasive),24326,12841196,0.001894372
2010,IN,Cancer (Invasive),13298,6490029,0.002048989
2010,KS,Cancer (Invasive),5442,2858403,0.00190386
2010,KY,Cancer (Invasive),10004,4347948,0.002300855
2010,LA,Cancer (Invasive),9324,4544871,0.002051543
2010,MA,Cancer (Invasive),12879,6564943,0.001961784
2010,MD,Cancer (Invasive),10482,5788099,0.001810957
2010,ME,Cancer (Invasive),3222,1327568,0.002426994
2010,MI,Cancer (Invasive),20614,9876731,0.002087128
2010,MN,Cancer (Invasive),9555,5310711,0.001799194
2010,MO,Cancer (Invasive),12808,5995681,0.002136204
2010,MS,Cancer (Invasive),6421,2970437,0.002161635
2010,MT,Cancer (Invasive),1992,990507,0.002011091
2010,NC,Cancer (Invasive),18536,9574247,0.001936027
2010,ND,Cancer (Invasive),1287,674518,0.001908029
2010,NE,Cancer (Invasive),3449,1829956,0.001884745
2010,NH,Cancer (Invasive),2641,1316700,0.002005772
2010,NJ,Cancer (Invasive),16582,8803708,0.001883525
2010,NM,Cancer (Invasive),3421,2064607,0.001656974
2010,NV,Cancer (Invasive),4715,2702797,0.001744489
2010,NY,Cancer (Invasive),35581,19405185,0.001833582
2010,OH,Cancer (Invasive),25181,11539282,0.002182198
2010,OK,Cancer (Invasive),7968,3759529,0.002119414
2010,OR,Cancer (Invasive),7787,3837073,0.002029411
2010,PA,Cancer (Invasive),28811,12711063,0.002266608
2010,RI,Cancer (Invasive),2230,1053169,0.002117419
2010,SC,Cancer (Invasive),9660,4635834,0.002083767
2010,SD,Cancer (Invasive),1645,816227,0.002015371
2010,TN,Cancer (Invasive),13809,6355882,0.002172633
2010,TX,Cancer (Invasive),37894,25241648,0.001501249
2010,UT,Cancer (Invasive),2889,2775260,0.001040984
2010,VA,Cancer (Invasive),14382,8025206,0.001792104
2010,VT,Cancer (Invasive),1352,625842,0.00216029
2010,WA,Cancer (Invasive),11992,6741386,0.001778863
2010,WI,Cancer (Invasive),11391,5690403,0.002001791
2010,WV,Cancer (Invasive),4750,1854315,0.002561593
2010,WY,Cancer (Invasive),955,564376,0.001692134
2010,AK,Cardiovascular Disease,945,714015,0.001323502
2010,AL,Cardiovascular Disease,15809,4785579,0.003303467
2010,AR,Cardiovascular Disease,9586,2921737,0.003280925
2010,AZ,Cardiovascular Disease,13192,6407002,0.002058997
2010,CA,Cardiovascular Disease,78960,37327690,0.00211532
2010,CO,Cardiovascular Disease,8352,5048029,0.001654507
2010,CT,Cardiovascular Disease,9141,3580171,0.00255323
2010,DC,Cardiovascular Disease,1600,605040,0.002644453
2010,DE,Cardiovascular Disease,2343,899712,0.002604167
2010,FL,Cardiovascular Disease,54232,18846461,0.002877569
2010,GA,Cardiovascular Disease,21607,9712696,0.002224614
2010,HI,Cardiovascular Disease,3078,1363817,0.002256901
2010,IA,Cardiovascular Disease,9195,3050223,0.003014534
2010,ID,Cardiovascular Disease,3397,1570912,0.002162438
2010,IL,Cardiovascular Disease,32443,12841196,0.002526478
2010,IN,Cardiovascular Disease,17796,6490029,0.002742052
2010,KS,Cardiovascular Disease,7582,2858403,0.00265253
2010,KY,Cardiovascular Disease,12474,4347948,0.00286894
2010,LA,Cardiovascular Disease,13109,4544871,0.00288435
2010,MA,Cardiovascular Disease,15692,6564943,0.002390272
2010,MD,Cardiovascular Disease,14109,5788099,0.002437588
2010,ME,Cardiovascular Disease,3471,1327568,0.002614555
2010,MI,Cardiovascular Disease,29852,9876731,0.003022458
2010,MN,Cardiovascular Disease,10282,5310711,0.001936087
2010,MO,Cardiovascular Disease,17886,5995681,0.002983147
2010,MS,Cardiovascular Disease,9830,2970437,0.003309277
2010,MT,Cardiovascular Disease,2516,990507,0.002540113
2010,NC,Cardiovascular Disease,23231,9574247,0.002426405
2010,ND,Cardiovascular Disease,1916,674518,0.002840547
2010,NE,Cardiovascular Disease,4622,1829956,0.002525744
2010,NH,Cardiovascular Disease,2992,1316700,0.002272348
2010,NJ,Cardiovascular Disease,23792,8803708,0.002702498
2010,NM,Cardiovascular Disease,4323,2064607,0.002093861
2010,NV,Cardiovascular Disease,6028,2702797,0.002230282
2010,NY,Cardiovascular Disease,55086,19405185,0.002838726
2010,OH,Cardiovascular Disease,34541,11539282,0.00299334
2010,OK,Cardiovascular Disease,12110,3759529,0.003221148
2010,OR,Cardiovascular Disease,8818,3837073,0.002298106
2010,PA,Cardiovascular Disease,40718,12711063,0.003203351
2010,RI,Cardiovascular Disease,2936,1053169,0.002787777
2010,SC,Cardiovascular Disease,12457,4635834,0.002687111
2010,SD,Cardiovascular Disease,2220,816227,0.002719832
2010,TN,Cardiovascular Disease,19027,6355882,0.002993605
2010,TX,Cardiovascular Disease,50902,25241648,0.002016588
2010,UT,Cardiovascular Disease,3912,2775260,0.001409598
2010,VA,Cardiovascular Disease,17949,8025206,0.002236578
2010,VT,Cardiovascular Disease,1556,625842,0.002486251
2010,WA,Cardiovascular Disease,14300,6741386,0.002121226
2010,WI,Cardiovascular Disease,14769,5690403,0.002595423
2010,WV,Cardiovascular Disease,6538,1854315,0.00352583
2010,WY,Cardiovascular Disease,1232,564376,0.002182942
2010,AK,Chronic Kidney Disease,292,714015,0.000408955
2010,AL,Chronic Kidney Disease,4359,4785579,0.000910862
2010,AR,Chronic Kidney Disease,2567,2921737,0.000878587
2010,AZ,Chronic Kidney Disease,3386,6407002,0.000528484
2010,CA,Chronic Kidney Disease,25776,37327690,0.000690533
2010,CO,Chronic Kidney Disease,2377,5048029,0.000470877
2010,CT,Chronic Kidney Disease,2711,3580171,0.000757226
2010,DC,Chronic Kidney Disease,448,605040,0.000740447
2010,DE,Chronic Kidney Disease,770,899712,0.000855829
2010,FL,Chronic Kidney Disease,12962,18846461,0.000687768
2010,GA,Chronic Kidney Disease,6123,9712696,0.000630412
2010,HI,Chronic Kidney Disease,1076,1363817,0.000788962
2010,IA,Chronic Kidney Disease,2422,3050223,0.00079404
2010,ID,Chronic Kidney Disease,981,1570912,0.000624478
2010,IL,Chronic Kidney Disease,9575,12841196,0.000745647
2010,IN,Chronic Kidney Disease,5438,6490029,0.000837901
2010,KS,Chronic Kidney Disease,2150,2858403,0.000752168
2010,KY,Chronic Kidney Disease,4137,4347948,0.000951483
2010,LA,Chronic Kidney Disease,3177,4544871,0.00069903
2010,MA,Chronic Kidney Disease,5128,6564943,0.000781119
2010,MD,Chronic Kidney Disease,4208,5788099,0.000727009
2010,ME,Chronic Kidney Disease,1192,1327568,0.000897882
2010,MI,Chronic Kidney Disease,8166,9876731,0.000826792
2010,MN,Chronic Kidney Disease,4158,5310711,0.000782946
2010,MO,Chronic Kidney Disease,5177,5995681,0.000863455
2010,MS,Chronic Kidney Disease,2725,2970437,0.000917373
2010,MT,Chronic Kidney Disease,611,990507,0.000616856
2010,NC,Chronic Kidney Disease,8055,9574247,0.000841319
2010,ND,Chronic Kidney Disease,781,674518,0.001157864
2010,NE,Chronic Kidney Disease,1627,1829956,0.000889092
2010,NH,Chronic Kidney Disease,1053,1316700,0.000799727
2010,NJ,Chronic Kidney Disease,6999,8803708,0.000795006
2010,NM,Chronic Kidney Disease,1373,2064607,0.000665018
2010,NV,Chronic Kidney Disease,1337,2702797,0.000494673
2010,NY,Chronic Kidney Disease,11635,19405185,0.000599582
2010,OH,Chronic Kidney Disease,10935,11539282,0.000947633
2010,OK,Chronic Kidney Disease,3165,3759529,0.000841861
2010,OR,Chronic Kidney Disease,2890,3837073,0.000753178
2010,PA,Chronic Kidney Disease,12254,12711063,0.000964042
2010,RI,Chronic Kidney Disease,960,1053169,0.000911535
2010,SC,Chronic Kidney Disease,4426,4635834,0.000954737
2010,SD,Chronic Kidney Disease,722,816227,0.000884558
2010,TN,Chronic Kidney Disease,5575,6355882,0.00087714
2010,TX,Chronic Kidney Disease,17432,25241648,0.000690605
2010,UT,Chronic Kidney Disease,1119,2775260,0.000403205
2010,VA,Chronic Kidney Disease,5616,8025206,0.000699795
2010,VT,Chronic Kidney Disease,459,625842,0.000733412
2010,WA,Chronic Kidney Disease,4955,6741386,0.000735012
2010,WI,Chronic Kidney Disease,4664,5690403,0.000819626
2010,WV,Chronic Kidney Disease,2210,1854315,0.001191815
2010,WY,Chronic Kidney Disease,329,564376,0.000582945
2010,AK,Chronic Obstructive Pulmonary Disease,165,714015,0.000231088
2010,AL,Chronic Obstructive Pulmonary Disease,2765,4785579,0.000577778
2010,AR,Chronic Obstructive Pulmonary Disease,1724,2921737,0.00059006
2010,AZ,Chronic Obstructive Pulmonary Disease,2829,6407002,0.000441548
2010,CA,Chronic Obstructive Pulmonary Disease,12421,37327690,0.000332756
2010,CO,Chronic Obstructive Pulmonary Disease,2137,5048029,0.000423334
2010,CT,Chronic Obstructive Pulmonary Disease,1235,3580171,0.000344956
2010,DC,Chronic Obstructive Pulmonary Disease,137,605040,0.000226431
2010,DE,Chronic Obstructive Pulmonary Disease,427,899712,0.000474596
2010,FL,Chronic Obstructive Pulmonary Disease,10048,18846461,0.00053315
2010,GA,Chronic Obstructive Pulmonary Disease,3673,9712696,0.000378165
2010,HI,Chronic Obstructive Pulmonary Disease,265,1363817,0.000194308
2010,IA,Chronic Obstructive Pulmonary Disease,1630,3050223,0.000534387
2010,ID,Chronic Obstructive Pulmonary Disease,698,1570912,0.000444328
2010,IL,Chronic Obstructive Pulmonary Disease,4977,12841196,0.000387581
2010,IN,Chronic Obstructive Pulmonary Disease,3681,6490029,0.000567178
2010,KS,Chronic Obstructive Pulmonary Disease,1530,2858403,0.000535264
2010,KY,Chronic Obstructive Pulmonary Disease,2705,4347948,0.000622133
2010,LA,Chronic Obstructive Pulmonary Disease,1883,4544871,0.000414313
2010,MA,Chronic Obstructive Pulmonary Disease,2298,6564943,0.000350041
2010,MD,Chronic Obstructive Pulmonary Disease,1951,5788099,0.000337071
2010,ME,Chronic Obstructive Pulmonary Disease,784,1327568,0.000590554
2010,MI,Chronic Obstructive Pulmonary Disease,4925,9876731,0.000498647
2010,MN,Chronic Obstructive Pulmonary Disease,1921,5310711,0.000361722
2010,MO,Chronic Obstructive Pulmonary Disease,3434,5995681,0.000572746
2010,MS,Chronic Obstructive Pulmonary Disease,1596,2970437,0.000537295
2010,MT,Chronic Obstructive Pulmonary Disease,585,990507,0.000590607
2010,NC,Chronic Obstructive Pulmonary Disease,4348,9574247,0.000454135
2010,ND,Chronic Obstructive Pulmonary Disease,339,674518,0.000502581
2010,NE,Chronic Obstructive Pulmonary Disease,976,1829956,0.000533346
2010,NH,Chronic Obstructive Pulmonary Disease,593,1316700,0.000450368
2010,NJ,Chronic Obstructive Pulmonary Disease,2988,8803708,0.000339402
2010,NM,Chronic Obstructive Pulmonary Disease,992,2064607,0.000480479
2010,NV,Chronic Obstructive Pulmonary Disease,1154,2702797,0.000426965
2010,NY,Chronic Obstructive Pulmonary Disease,6484,19405185,0.000334137
2010,OH,Chronic Obstructive Pulmonary Disease,6495,11539282,0.00056286
2010,OK,Chronic Obstructive Pulmonary Disease,2665,3759529,0.000708865
2010,OR,Chronic Obstructive Pulmonary Disease,1885,3837073,0.00049126
2010,PA,Chronic Obstructive Pulmonary Disease,6013,12711063,0.000473052
2010,RI,Chronic Obstructive Pulmonary Disease,497,1053169,0.000471909
2010,SC,Chronic Obstructive Pulmonary Disease,2169,4635834,0.000467877
2010,SD,Chronic Obstructive Pulmonary Disease,429,816227,0.000525589
2010,TN,Chronic Obstructive Pulmonary Disease,3439,6355882,0.000541074
2010,TX,Chronic Obstructive Pulmonary Disease,8643,25241648,0.00034241
2010,UT,Chronic Obstructive Pulmonary Disease,634,2775260,0.000228447
2010,VA,Chronic Obstructive Pulmonary Disease,2855,8025206,0.000355754
2010,VT,Chronic Obstructive Pulmonary Disease,322,625842,0.000514507
2010,WA,Chronic Obstructive Pulmonary Disease,2625,6741386,0.000389386
2010,WI,Chronic Obstructive Pulmonary Disease,2381,5690403,0.000418424
2010,WV,Chronic Obstructive Pulmonary Disease,1448,1854315,0.000780881
2010,WY,Chronic Obstructive Pulmonary Disease,324,564376,0.000574085
2010,AK,Diabetes,274,714015,0.000383745
2010,AL,Diabetes,3906,4785579,0.000816202
2010,AR,Diabetes,2329,2921737,0.000797129
2010,AZ,Diabetes,2728,6407002,0.000425784
2010,CA,Diabetes,22029,37327690,0.000590152
2010,CO,Diabetes,2145,5048029,0.000424918
2010,CT,Diabetes,2082,3580171,0.000581536
2010,DC,Diabetes,528,605040,0.00087267
2010,DE,Diabetes,709,899712,0.00078803
2010,FL,Diabetes,10508,18846461,0.000557558
2010,GA,Diabetes,5525,9712696,0.000568843
2010,HI,Diabetes,836,1363817,0.000612985
2010,IA,Diabetes,2670,3050223,0.000875346
2010,ID,Diabetes,1041,1570912,0.000662672
2010,IL,Diabetes,7871,12841196,0.000612949
2010,IN,Diabetes,4564,6490029,0.000703233
2010,KS,Diabetes,1900,2858403,0.000664707
2010,KY,Diabetes,4253,4347948,0.000978163
2010,LA,Diabetes,2744,4544871,0.000603758
2010,MA,Diabetes,3557,6564943,0.000541817
2010,MD,Diabetes,4228,5788099,0.000730464
2010,ME,Diabetes,1037,1327568,0.000781128
2010,MI,Diabetes,8429,9876731,0.00085342
2010,MN,Diabetes,4030,5310711,0.000758844
2010,MO,Diabetes,4710,5995681,0.000785565
2010,MS,Diabetes,3105,2970437,0.001045301
2010,MT,Diabetes,723,990507,0.000729929
2010,NC,Diabetes,8439,9574247,0.000881427
2010,ND,Diabetes,664,674518,0.000984407
2010,NE,Diabetes,1668,1829956,0.000911497
2010,NH,Diabetes,947,1316700,0.000719222
2010,NJ,Diabetes,5638,8803708,0.000640412
2010,NM,Diabetes,976,2064607,0.000472729
2010,NV,Diabetes,852,2702797,0.000315229
2010,NY,Diabetes,11572,19405185,0.000596335
2010,OH,Diabetes,12784,11539282,0.001107868
2010,OK,Diabetes,3921,3759529,0.00104295
2010,OR,Diabetes,3531,3837073,0.000920233
2010,PA,Diabetes,11064,12711063,0.000870423
2010,RI,Diabetes,818,1053169,0.000776703
2010,SC,Diabetes,3770,4635834,0.00081323
2010,SD,Diabetes,795,816227,0.000973994
2010,TN,Diabetes,5808,6355882,0.000913799
2010,TX,Diabetes,12883,25241648,0.000510387
2010,UT,Diabetes,1136,2775260,0.000409331
2010,VA,Diabetes,4764,8025206,0.00059363
2010,VT,Diabetes,696,625842,0.001112102
2010,WA,Diabetes,4999,6741386,0.000741539
2010,WI,Diabetes,4381,5690403,0.000769893
2010,WV,Diabetes,2574,1854315,0.001388114
2010,WY,Diabetes,324,564376,0.000574085
2011,AK,Alcohol (Chronic liver disease),99,722259,0.00013707
2011,AL,Alcohol (Chronic liver disease),551,4798649,0.000114824
2011,AR,Alcohol (Chronic liver disease),319,2938640,0.000108554
2011,AZ,Alcohol (Chronic liver disease),959,6465488,0.000148326
2011,CA,Alcohol (Chronic liver disease),4568,37672654,0.000121255
2011,CO,Alcohol (Chronic liver disease),671,5116411,0.000131147
2011,CT,Alcohol (Chronic liver disease),312,3591927,8.69E-05
2011,DC,Alcohol (Chronic liver disease),43,620336,6.93E-05
2011,DE,Alcohol (Chronic liver disease),92,907884,0.000101335
2011,FL,Alcohol (Chronic liver disease),2590,19097369,0.000135621
2011,GA,Alcohol (Chronic liver disease),767,9810595,7.82E-05
2011,HI,Alcohol (Chronic liver disease),131,1378323,9.50E-05
2011,IA,Alcohol (Chronic liver disease),244,3063690,7.96E-05
2011,ID,Alcohol (Chronic liver disease),173,1583180,0.000109274
2011,IL,Alcohol (Chronic liver disease),1140,12862298,8.86E-05
2011,IN,Alcohol (Chronic liver disease),680,6515358,0.000104369
2011,KS,Alcohol (Chronic liver disease),260,2868756,9.06E-05
2011,KY,Alcohol (Chronic liver disease),471,4368505,0.000107817
2011,LA,Alcohol (Chronic liver disease),386,4574388,8.44E-05
2011,MA,Alcohol (Chronic liver disease),583,6612178,8.82E-05
2011,MD,Alcohol (Chronic liver disease),465,5843115,7.96E-05
2011,ME,Alcohol (Chronic liver disease),157,1327968,0.000118226
2011,MI,Alcohol (Chronic liver disease),1166,9876199,0.000118062
2011,MN,Alcohol (Chronic liver disease),437,5345967,8.17E-05
2011,MO,Alcohol (Chronic liver disease),516,6010280,8.59E-05
2011,MS,Alcohol (Chronic liver disease),339,2977452,0.000113856
2011,MT,Alcohol (Chronic liver disease),128,996866,0.000128402
2011,NC,Alcohol (Chronic liver disease),1030,9662940,0.000106593
2011,ND,Alcohol (Chronic liver disease),84,684830,0.000122658
2011,NE,Alcohol (Chronic liver disease),129,1841641,7.00E-05
2011,NH,Alcohol (Chronic liver disease),152,1318345,0.000115296
2011,NJ,Alcohol (Chronic liver disease),784,8844694,8.86E-05
2011,NM,Alcohol (Chronic liver disease),468,2077744,0.000225244
2011,NV,Alcohol (Chronic liver disease),317,2718170,0.000116623
2011,NY,Alcohol (Chronic liver disease),1498,19526372,7.67E-05
2011,OH,Alcohol (Chronic liver disease),1311,11543332,0.000113572
2011,OK,Alcohol (Chronic liver disease),527,3785232,0.000139225
2011,OR,Alcohol (Chronic liver disease),545,3865845,0.000140978
2011,PA,Alcohol (Chronic liver disease),1216,12742811,9.54E-05
2011,RI,Alcohol (Chronic liver disease),142,1052154,0.000134961
2011,SC,Alcohol (Chronic liver disease),580,4672744,0.000124124
2011,SD,Alcohol (Chronic liver disease),102,823338,0.000123886
2011,TN,Alcohol (Chronic liver disease),775,6396281,0.000121164
2011,TX,Alcohol (Chronic liver disease),3089,25644424,0.000120455
2011,UT,Alcohol (Chronic liver disease),174,2815430,6.18E-05
2011,VA,Alcohol (Chronic liver disease),739,8107548,9.11E-05
2011,VT,Alcohol (Chronic liver disease),74,626210,0.000118171
2011,WA,Alcohol (Chronic liver disease),773,6819155,0.000113357
2011,WI,Alcohol (Chronic liver disease),522,5705812,9.15E-05
2011,WV,Alcohol (Chronic liver disease),278,1854891,0.000149874
2011,WY,Alcohol (Chronic liver disease),86,567602,0.000151515
2011,AK,Asthma,1,722259,0.002128046
2011,AL,Asthma,36,4798649,7.50E-06
2011,AR,Asthma,46,2938640,1.57E-05
2011,AZ,Asthma,92,6465488,1.42E-05
2011,CA,Asthma,403,37672654,1.07E-05
2011,CO,Asthma,42,5116411,8.21E-06
2011,CT,Asthma,24,3591927,6.68E-06
2011,DC,Asthma,1,620336,0.002128046
2011,DE,Asthma,1,907884,0.002128046
2011,FL,Asthma,148,19097369,7.75E-06
2011,GA,Asthma,96,9810595,9.79E-06
2011,HI,Asthma,26,1378323,1.89E-05
2011,IA,Asthma,43,3063690,1.40E-05
2011,ID,Asthma,1,1583180,0.002128046
2011,IL,Asthma,176,12862298,1.37E-05
2011,IN,Asthma,73,6515358,1.12E-05
2011,KS,Asthma,25,2868756,8.71E-06
2011,KY,Asthma,33,4368505,7.55E-06
2011,LA,Asthma,37,4574388,8.09E-06
2011,MA,Asthma,69,6612178,1.04E-05
2011,MD,Asthma,71,5843115,1.22E-05
2011,ME,Asthma,1,1327968,0.002128046
2011,MI,Asthma,113,9876199,1.14E-05
2011,MN,Asthma,60,5345967,1.12E-05
2011,MO,Asthma,48,6010280,7.99E-06
2011,MS,Asthma,54,2977452,1.81E-05
2011,MT,Asthma,1,996866,0.002128046
2011,NC,Asthma,99,9662940,1.02E-05
2011,ND,Asthma,1,684830,0.002128046
2011,NE,Asthma,32,1841641,1.74E-05
2011,NH,Asthma,1,1318345,0.002128046
2011,NJ,Asthma,94,8844694,1.06E-05
2011,NM,Asthma,26,2077744,1.25E-05
2011,NV,Asthma,20,2718170,7.36E-06
2011,NY,Asthma,257,19526372,1.32E-05
2011,OH,Asthma,127,11543332,1.10E-05
2011,OK,Asthma,44,3785232,1.16E-05
2011,OR,Asthma,46,3865845,1.19E-05
2011,PA,Asthma,131,12742811,1.03E-05
2011,RI,Asthma,1,1052154,0.002128046
2011,SC,Asthma,70,4672744,1.50E-05
2011,SD,Asthma,20,823338,2.43E-05
2011,TN,Asthma,69,6396281,1.08E-05
2011,TX,Asthma,195,25644424,7.60E-06
2011,UT,Asthma,44,2815430,1.56E-05
2011,VA,Asthma,89,8107548,1.10E-05
2011,VT,Asthma,1,626210,0.002128046
2011,WA,Asthma,82,6819155,1.20E-05
2011,WI,Asthma,64,5705812,1.12E-05
2011,WV,Asthma,22,1854891,1.19E-05
2011,WY,Asthma,1,567602,0.002128046
2011,AK,Cancer (Invasive),946,722259,0.001309779
2011,AL,Cancer (Invasive),10263,4798649,0.002138727
2011,AR,Cancer (Invasive),6549,2938640,0.002228582
2011,AZ,Cancer (Invasive),11051,6465488,0.001709229
2011,CA,Cancer (Invasive),57340,37672654,0.001522059
2011,CO,Cancer (Invasive),7231,5116411,0.001413295
2011,CT,Cancer (Invasive),6742,3591927,0.001876987
2011,DC,Cancer (Invasive),1081,620336,0.001742604
2011,DE,Cancer (Invasive),1925,907884,0.002120315
2011,FL,Cancer (Invasive),42256,19097369,0.002212661
2011,GA,Cancer (Invasive),16032,9810595,0.001634152
2011,HI,Cancer (Invasive),2331,1378323,0.001691186
2011,IA,Cancer (Invasive),6458,3063690,0.002107916
2011,ID,Cancer (Invasive),2635,1583180,0.001664372
2011,IL,Cancer (Invasive),24326,12862298,0.001891264
2011,IN,Cancer (Invasive),13298,6515358,0.002041024
2011,KS,Cancer (Invasive),5442,2868756,0.001896989
2011,KY,Cancer (Invasive),10004,4368505,0.002290028
2011,LA,Cancer (Invasive),9324,4574388,0.002038305
2011,MA,Cancer (Invasive),12879,6612178,0.00194777
2011,MD,Cancer (Invasive),10482,5843115,0.001793906
2011,ME,Cancer (Invasive),3222,1327968,0.002426263
2011,MI,Cancer (Invasive),20614,9876199,0.00208724
2011,MN,Cancer (Invasive),9555,5345967,0.001787329
2011,MO,Cancer (Invasive),12808,6010280,0.002131016
2011,MS,Cancer (Invasive),6421,2977452,0.002156542
2011,MT,Cancer (Invasive),1992,996866,0.001998263
2011,NC,Cancer (Invasive),18536,9662940,0.001918257
2011,ND,Cancer (Invasive),1287,684830,0.001879299
2011,NE,Cancer (Invasive),3449,1841641,0.001872786
2011,NH,Cancer (Invasive),2641,1318345,0.002003269
2011,NJ,Cancer (Invasive),16582,8844694,0.001874796
2011,NM,Cancer (Invasive),3421,2077744,0.001646497
2011,NV,Cancer (Invasive),4715,2718170,0.001734623
2011,NY,Cancer (Invasive),35581,19526372,0.001822202
2011,OH,Cancer (Invasive),25181,11543332,0.002181433
2011,OK,Cancer (Invasive),7968,3785232,0.002105023
2011,OR,Cancer (Invasive),7787,3865845,0.002014307
2011,PA,Cancer (Invasive),28811,12742811,0.002260961
2011,RI,Cancer (Invasive),2230,1052154,0.002119462
2011,SC,Cancer (Invasive),9660,4672744,0.002067308
2011,SD,Cancer (Invasive),1645,823338,0.001997964
2011,TN,Cancer (Invasive),13809,6396281,0.002158911
2011,TX,Cancer (Invasive),37894,25644424,0.00147767
2011,UT,Cancer (Invasive),2889,2815430,0.001026131
2011,VA,Cancer (Invasive),14382,8107548,0.001773903
2011,VT,Cancer (Invasive),1352,626210,0.00215902
2011,WA,Cancer (Invasive),11992,6819155,0.001758576
2011,WI,Cancer (Invasive),11391,5705812,0.001996385
2011,WV,Cancer (Invasive),4750,1854891,0.002560797
2011,WY,Cancer (Invasive),955,567602,0.001682517
2011,AK,Cardiovascular Disease,980,722259,0.001356854
2011,AL,Cardiovascular Disease,15577,4798649,0.003246122
2011,AR,Cardiovascular Disease,9384,2938640,0.003193314
2011,AZ,Cardiovascular Disease,14133,6465488,0.002185914
2011,CA,Cardiovascular Disease,80309,37672654,0.002131758
2011,CO,Cardiovascular Disease,8545,5116411,0.001670116
2011,CT,Cardiovascular Disease,9155,3591927,0.002548771
2011,DC,Cardiovascular Disease,1504,620336,0.002424493
2011,DE,Cardiovascular Disease,2353,907884,0.002591741
2011,FL,Cardiovascular Disease,53332,19097369,0.002792636
2011,GA,Cardiovascular Disease,21060,9810595,0.002146659
2011,HI,Cardiovascular Disease,3153,1378323,0.002287562
2011,IA,Cardiovascular Disease,8906,3063690,0.002906952
2011,ID,Cardiovascular Disease,3421,1583180,0.002160841
2011,IL,Cardiovascular Disease,32648,12862298,0.002538271
2011,IN,Cardiovascular Disease,17751,6515358,0.002724486
2011,KS,Cardiovascular Disease,7392,2868756,0.002576727
2011,KY,Cardiovascular Disease,12777,4368505,0.002924799
2011,LA,Cardiovascular Disease,12655,4574388,0.00276649
2011,MA,Cardiovascular Disease,15462,6612178,0.002338413
2011,MD,Cardiovascular Disease,13832,5843115,0.00236723
2011,ME,Cardiovascular Disease,3511,1327968,0.002643889
2011,MI,Cardiovascular Disease,29960,9876199,0.003033556
2011,MN,Cardiovascular Disease,10377,5345967,0.001941089
2011,MO,Cardiovascular Disease,17988,6010280,0.002992872
2011,MS,Cardiovascular Disease,9602,2977452,0.003224905
2011,MT,Cardiovascular Disease,2560,996866,0.002568048
2011,NC,Cardiovascular Disease,22885,9662940,0.002368327
2011,ND,Cardiovascular Disease,1761,684830,0.002571441
2011,NE,Cardiovascular Disease,4498,1841641,0.002442387
2011,NH,Cardiovascular Disease,3052,1318345,0.002315024
2011,NJ,Cardiovascular Disease,23388,8844694,0.002644297
2011,NM,Cardiovascular Disease,4373,2077744,0.002104687
2011,NV,Cardiovascular Disease,6341,2718170,0.00233282
2011,NY,Cardiovascular Disease,54612,19526372,0.002796833
2011,OH,Cardiovascular Disease,34698,11543332,0.003005891
2011,OK,Cardiovascular Disease,12015,3785232,0.003174178
2011,OR,Cardiovascular Disease,9059,3865845,0.002343343
2011,PA,Cardiovascular Disease,41450,12742811,0.003252814
2011,RI,Cardiovascular Disease,2958,1052154,0.002811376
2011,SC,Cardiovascular Disease,12419,4672744,0.002657753
2011,SD,Cardiovascular Disease,2263,823338,0.002748567
2011,TN,Cardiovascular Disease,18723,6396281,0.00292717
2011,TX,Cardiovascular Disease,50345,25644424,0.001963195
2011,UT,Cardiovascular Disease,4095,2815430,0.001454485
2011,VA,Cardiovascular Disease,17900,8107548,0.002207819
2011,VT,Cardiovascular Disease,1531,626210,0.002444867
2011,WA,Cardiovascular Disease,14214,6819155,0.002084422
2011,WI,Cardiovascular Disease,14896,5705812,0.002610671
2011,WV,Cardiovascular Disease,6459,1854891,0.003482145
2011,WY,Cardiovascular Disease,1213,567602,0.002137061
2011,AK,Chronic Kidney Disease,332,722259,0.000459669
2011,AL,Chronic Kidney Disease,4748,4798649,0.000989445
2011,AR,Chronic Kidney Disease,2928,2938640,0.000996379
2011,AZ,Chronic Kidney Disease,4192,6465488,0.000648366
2011,CA,Chronic Kidney Disease,30435,37672654,0.00080788
2011,CO,Chronic Kidney Disease,2697,5116411,0.000527127
2011,CT,Chronic Kidney Disease,2861,3591927,0.000796508
2011,DC,Chronic Kidney Disease,552,620336,0.00088984
2011,DE,Chronic Kidney Disease,827,907884,0.000910909
2011,FL,Chronic Kidney Disease,13925,19097369,0.000729158
2011,GA,Chronic Kidney Disease,6782,9810595,0.000691293
2011,HI,Chronic Kidney Disease,1200,1378323,0.000870623
2011,IA,Chronic Kidney Disease,2830,3063690,0.000923723
2011,ID,Chronic Kidney Disease,1155,1583180,0.000729544
2011,IL,Chronic Kidney Disease,10159,12862298,0.000789828
2011,IN,Chronic Kidney Disease,7060,6515358,0.001083594
2011,KS,Chronic Kidney Disease,2335,2868756,0.000813942
2011,KY,Chronic Kidney Disease,4685,4368505,0.001072449
2011,LA,Chronic Kidney Disease,3354,4574388,0.000733213
2011,MA,Chronic Kidney Disease,5348,6612178,0.000808811
2011,MD,Chronic Kidney Disease,4696,5843115,0.000803681
2011,ME,Chronic Kidney Disease,1175,1327968,0.00088481
2011,MI,Chronic Kidney Disease,8967,9876199,0.00090794
2011,MN,Chronic Kidney Disease,5034,5345967,0.000941644
2011,MO,Chronic Kidney Disease,5520,6010280,0.000918426
2011,MS,Chronic Kidney Disease,3086,2977452,0.001036457
2011,MT,Chronic Kidney Disease,693,996866,0.000695179
2011,NC,Chronic Kidney Disease,9044,9662940,0.000935947
2011,ND,Chronic Kidney Disease,827,684830,0.001207599
2011,NE,Chronic Kidney Disease,1827,1841641,0.00099205
2011,NH,Chronic Kidney Disease,1141,1318345,0.000865479
2011,NJ,Chronic Kidney Disease,7711,8844694,0.000871822
2011,NM,Chronic Kidney Disease,1494,2077744,0.000719049
2011,NV,Chronic Kidney Disease,1493,2718170,0.000549267
2011,NY,Chronic Kidney Disease,13451,19526372,0.000688863
2011,OH,Chronic Kidney Disease,12373,11543332,0.001071874
2011,OK,Chronic Kidney Disease,3489,3785232,0.00092174
2011,OR,Chronic Kidney Disease,3422,3865845,0.000885188
2011,PA,Chronic Kidney Disease,13486,12742811,0.001058322
2011,RI,Chronic Kidney Disease,1022,1052154,0.000971341
2011,SC,Chronic Kidney Disease,4564,4672744,0.000976728
2011,SD,Chronic Kidney Disease,785,823338,0.000953436
2011,TN,Chronic Kidney Disease,6126,6396281,0.000957744
2011,TX,Chronic Kidney Disease,20312,25644424,0.000792063
2011,UT,Chronic Kidney Disease,1227,2815430,0.000435813
2011,VA,Chronic Kidney Disease,6003,8107548,0.000740421
2011,VT,Chronic Kidney Disease,593,626210,0.000946967
2011,WA,Chronic Kidney Disease,5933,6819155,0.000870049
2011,WI,Chronic Kidney Disease,5200,5705812,0.000911351
2011,WV,Chronic Kidney Disease,2522,1854891,0.001359649
2011,WY,Chronic Kidney Disease,366,567602,0.000644818
2011,AK,Chronic Obstructive Pulmonary Disease,188,722259,0.000260294
2011,AL,Chronic Obstructive Pulmonary Disease,2842,4798649,0.00059225
2011,AR,Chronic Obstructive Pulmonary Disease,1915,2938640,0.000651662
2011,AZ,Chronic Obstructive Pulmonary Disease,3040,6465488,0.000470189
2011,CA,Chronic Obstructive Pulmonary Disease,12788,37672654,0.00033945
2011,CO,Chronic Obstructive Pulmonary Disease,2090,5116411,0.000408489
2011,CT,Chronic Obstructive Pulmonary Disease,1377,3591927,0.00038336
2011,DC,Chronic Obstructive Pulmonary Disease,145,620336,0.000233744
2011,DE,Chronic Obstructive Pulmonary Disease,448,907884,0.000493455
2011,FL,Chronic Obstructive Pulmonary Disease,10035,19097369,0.000525465
2011,GA,Chronic Obstructive Pulmonary Disease,3705,9810595,0.000377653
2011,HI,Chronic Obstructive Pulmonary Disease,286,1378323,0.000207499
2011,IA,Chronic Obstructive Pulmonary Disease,1764,3063690,0.000575776
2011,ID,Chronic Obstructive Pulmonary Disease,802,1583180,0.000506575
2011,IL,Chronic Obstructive Pulmonary Disease,5146,12862298,0.000400084
2011,IN,Chronic Obstructive Pulmonary Disease,3947,6515358,0.000605799
2011,KS,Chronic Obstructive Pulmonary Disease,1595,2868756,0.00055599
2011,KY,Chronic Obstructive Pulmonary Disease,2957,4368505,0.000676891
2011,LA,Chronic Obstructive Pulmonary Disease,1847,4574388,0.00040377
2011,MA,Chronic Obstructive Pulmonary Disease,2541,6612178,0.000384291
2011,MD,Chronic Obstructive Pulmonary Disease,1965,5843115,0.000336293
2011,ME,Chronic Obstructive Pulmonary Disease,823,1327968,0.000619744
2011,MI,Chronic Obstructive Pulmonary Disease,5040,9876199,0.000510318
2011,MN,Chronic Obstructive Pulmonary Disease,2076,5345967,0.00038833
2011,MO,Chronic Obstructive Pulmonary Disease,3398,6010280,0.000565365
2011,MS,Chronic Obstructive Pulmonary Disease,1622,2977452,0.000544761
2011,MT,Chronic Obstructive Pulmonary Disease,622,996866,0.000623955
2011,NC,Chronic Obstructive Pulmonary Disease,4540,9662940,0.000469836
2011,ND,Chronic Obstructive Pulmonary Disease,335,684830,0.000489172
2011,NE,Chronic Obstructive Pulmonary Disease,1029,1841641,0.000558741
2011,NH,Chronic Obstructive Pulmonary Disease,626,1318345,0.000474838
2011,NJ,Chronic Obstructive Pulmonary Disease,3033,8844694,0.000342917
2011,NM,Chronic Obstructive Pulmonary Disease,986,2077744,0.000474553
2011,NV,Chronic Obstructive Pulmonary Disease,1218,2718170,0.000448096
2011,NY,Chronic Obstructive Pulmonary Disease,6631,19526372,0.000339592
2011,OH,Chronic Obstructive Pulmonary Disease,6775,11543332,0.000586919
2011,OK,Chronic Obstructive Pulmonary Disease,2568,3785232,0.000678426
2011,OR,Chronic Obstructive Pulmonary Disease,1960,3865845,0.000507004
2011,PA,Chronic Obstructive Pulmonary Disease,6419,12742811,0.000503735
2011,RI,Chronic Obstructive Pulmonary Disease,508,1052154,0.000482819
2011,SC,Chronic Obstructive Pulmonary Disease,2298,4672744,0.000491788
2011,SD,Chronic Obstructive Pulmonary Disease,463,823338,0.000562345
2011,TN,Chronic Obstructive Pulmonary Disease,3554,6396281,0.000555635
2011,TX,Chronic Obstructive Pulmonary Disease,8806,25644424,0.000343388
2011,UT,Chronic Obstructive Pulmonary Disease,597,2815430,0.000212046
2011,VA,Chronic Obstructive Pulmonary Disease,2994,8107548,0.000369286
2011,VT,Chronic Obstructive Pulmonary Disease,338,626210,0.000539755
2011,WA,Chronic Obstructive Pulmonary Disease,2948,6819155,0.000432312
2011,WI,Chronic Obstructive Pulmonary Disease,2524,5705812,0.000442356
2011,WV,Chronic Obstructive Pulmonary Disease,1538,1854891,0.000829159
2011,WY,Chronic Obstructive Pulmonary Disease,324,567602,0.000570823
2011,AK,Diabetes,314,722259,0.000434747
2011,AL,Diabetes,3800,4798649,0.00079189
2011,AR,Diabetes,2410,2938640,0.000820107
2011,AZ,Diabetes,3386,6465488,0.000523704
2011,CA,Diabetes,22425,37672654,0.000595259
2011,CO,Diabetes,2245,5116411,0.000438784
2011,CT,Diabetes,2009,3591927,0.00055931
2011,DC,Diabetes,557,620336,0.0008979
2011,DE,Diabetes,719,907884,0.000791951
2011,FL,Diabetes,10455,19097369,0.000547458
2011,GA,Diabetes,5678,9810595,0.000578762
2011,HI,Diabetes,891,1378323,0.000646438
2011,IA,Diabetes,2769,3063690,0.000903812
2011,ID,Diabetes,1138,1583180,0.000718806
2011,IL,Diabetes,7872,12862298,0.000612021
2011,IN,Diabetes,5472,6515358,0.000839862
2011,KS,Diabetes,1927,2868756,0.00067172
2011,KY,Diabetes,4305,4368505,0.000985463
2011,LA,Diabetes,2877,4574388,0.000628937
2011,MA,Diabetes,3490,6612178,0.000527814
2011,MD,Diabetes,4195,5843115,0.000717939
2011,ME,Diabetes,979,1327968,0.000737217
2011,MI,Diabetes,8678,9876199,0.000878678
2011,MN,Diabetes,4472,5345967,0.000836518
2011,MO,Diabetes,4392,6010280,0.000730748
2011,MS,Diabetes,3131,2977452,0.00105157
2011,MT,Diabetes,796,996866,0.000798503
2011,NC,Diabetes,8472,9662940,0.000876752
2011,ND,Diabetes,655,684830,0.000956442
2011,NE,Diabetes,1721,1841641,0.000934493
2011,NH,Diabetes,965,1318345,0.000731978
2011,NJ,Diabetes,5848,8844694,0.000661187
2011,NM,Diabetes,894,2077744,0.000430274
2011,NV,Diabetes,994,2718170,0.000365687
2011,NY,Diabetes,11947,19526372,0.000611839
2011,OH,Diabetes,12583,11543332,0.001090067
2011,OK,Diabetes,4130,3785232,0.001091082
2011,OR,Diabetes,3768,3865845,0.00097469
2011,PA,Diabetes,11308,12742811,0.000887402
2011,RI,Diabetes,742,1052154,0.00070522
2011,SC,Diabetes,3572,4672744,0.000764433
2011,SD,Diabetes,853,823338,0.001036027
2011,TN,Diabetes,5732,6396281,0.000896146
2011,TX,Diabetes,13089,25644424,0.000510403
2011,UT,Diabetes,1234,2815430,0.000438299
2011,VA,Diabetes,4728,8107548,0.00058316
2011,VT,Diabetes,724,626210,0.001156162
2011,WA,Diabetes,5426,6819155,0.0007957
2011,WI,Diabetes,4442,5705812,0.000778504
2011,WV,Diabetes,2495,1854891,0.001345093
2011,WY,Diabetes,347,567602,0.000611344
2012,AK,Alcohol (Chronic liver disease),89,730825,0.00012178
2012,AL,Alcohol (Chronic liver disease),622,4813946,0.000129208
2012,AR,Alcohol (Chronic liver disease),325,2949208,0.000110199
2012,AZ,Alcohol (Chronic liver disease),1009,6544211,0.000154182
2012,CA,Alcohol (Chronic liver disease),4679,38019006,0.00012307
2012,CO,Alcohol (Chronic liver disease),661,5186330,0.00012745
2012,CT,Alcohol (Chronic liver disease),334,3597705,9.28E-05
2012,DC,Alcohol (Chronic liver disease),54,635630,8.50E-05
2012,DE,Alcohol (Chronic liver disease),76,916868,8.29E-05
2012,FL,Alcohol (Chronic liver disease),2588,19341327,0.000133807
2012,GA,Alcohol (Chronic liver disease),870,9911171,8.78E-05
2012,HI,Alcohol (Chronic liver disease),137,1392772,9.84E-05
2012,IA,Alcohol (Chronic liver disease),291,3074386,9.47E-05
2012,ID,Alcohol (Chronic liver disease),196,1594673,0.000122909
2012,IL,Alcohol (Chronic liver disease),1189,12878494,9.23E-05
2012,IN,Alcohol (Chronic liver disease),744,6535665,0.000113837
2012,KS,Alcohol (Chronic liver disease),250,2885316,8.66E-05
2012,KY,Alcohol (Chronic liver disease),545,4383673,0.000124325
2012,LA,Alcohol (Chronic liver disease),434,4602681,9.43E-05
2012,MA,Alcohol (Chronic liver disease),619,6659627,9.29E-05
2012,MD,Alcohol (Chronic liver disease),454,5891680,7.71E-05
2012,ME,Alcohol (Chronic liver disease),149,1328101,0.00011219
2012,MI,Alcohol (Chronic liver disease),1140,9886610,0.000115307
2012,MN,Alcohol (Chronic liver disease),490,5377695,9.11E-05
2012,MO,Alcohol (Chronic liver disease),574,6023267,9.53E-05
2012,MS,Alcohol (Chronic liver disease),303,2982963,0.000101577
2012,MT,Alcohol (Chronic liver disease),148,1003522,0.000147481
2012,NC,Alcohol (Chronic liver disease),1086,9755299,0.000111324
2012,ND,Alcohol (Chronic liver disease),83,701380,0.000118338
2012,NE,Alcohol (Chronic liver disease),175,1854862,9.43E-05
2012,NH,Alcohol (Chronic liver disease),121,1320923,9.16E-05
2012,NJ,Alcohol (Chronic liver disease),721,8882095,8.12E-05
2012,NM,Alcohol (Chronic liver disease),442,2083590,0.000212134
2012,NV,Alcohol (Chronic liver disease),389,2752410,0.000141331
2012,NY,Alcohol (Chronic liver disease),1507,19625409,7.68E-05
2012,OH,Alcohol (Chronic liver disease),1318,11546969,0.000114143
2012,OK,Alcohol (Chronic liver disease),597,3815298,0.000156475
2012,OR,Alcohol (Chronic liver disease),530,3893920,0.00013611
2012,PA,Alcohol (Chronic liver disease),1240,12768034,9.71E-05
2012,RI,Alcohol (Chronic liver disease),139,1052761,0.000132034
2012,SC,Alcohol (Chronic liver disease),573,4719009,0.000121424
2012,SD,Alcohol (Chronic liver disease),114,832576,0.000136924
2012,TN,Alcohol (Chronic liver disease),813,6450632,0.000126034
2012,TX,Alcohol (Chronic liver disease),3300,26078327,0.000126542
2012,UT,Alcohol (Chronic liver disease),206,2854222,7.22E-05
2012,VA,Alcohol (Chronic liver disease),822,8188656,0.000100383
2012,VT,Alcohol (Chronic liver disease),44,625606,7.03E-05
2012,WA,Alcohol (Chronic liver disease),860,6890899,0.000124802
2012,WI,Alcohol (Chronic liver disease),570,5721075,9.96E-05
2012,WV,Alcohol (Chronic liver disease),256,1855360,0.000137979
2012,WY,Alcohol (Chronic liver disease),103,576608,0.000178631
2012,AK,Asthma,1,730825,0.002128046
2012,AL,Asthma,57,4813946,1.18E-05
2012,AR,Asthma,30,2949208,1.02E-05
2012,AZ,Asthma,80,6544211,1.22E-05
2012,CA,Asthma,384,38019006,1.01E-05
2012,CO,Asthma,55,5186330,1.06E-05
2012,CT,Asthma,39,3597705,1.08E-05
2012,DC,Asthma,1,635630,0.002128046
2012,DE,Asthma,1,916868,0.002128046
2012,FL,Asthma,195,19341327,1.01E-05
2012,GA,Asthma,93,9911171,9.38E-06
2012,HI,Asthma,1,1392772,0.002128046
2012,IA,Asthma,35,3074386,1.14E-05
2012,ID,Asthma,21,1594673,1.32E-05
2012,IL,Asthma,174,12878494,1.35E-05
2012,IN,Asthma,72,6535665,1.10E-05
2012,KS,Asthma,26,2885316,9.01E-06
2012,KY,Asthma,25,4383673,5.70E-06
2012,LA,Asthma,40,4602681,8.69E-06
2012,MA,Asthma,58,6659627,8.71E-06
2012,MD,Asthma,91,5891680,1.54E-05
2012,ME,Asthma,1,1328101,0.002128046
2012,MI,Asthma,107,9886610,1.08E-05
2012,MN,Asthma,72,5377695,1.34E-05
2012,MO,Asthma,75,6023267,1.25E-05
2012,MS,Asthma,45,2982963,1.51E-05
2012,MT,Asthma,1,1003522,0.002128046
2012,NC,Asthma,123,9755299,1.26E-05
2012,ND,Asthma,1,701380,0.002128046
2012,NE,Asthma,26,1854862,1.40E-05
2012,NH,Asthma,1,1320923,0.002128046
2012,NJ,Asthma,103,8882095,1.16E-05
2012,NM,Asthma,27,2083590,1.30E-05
2012,NV,Asthma,20,2752410,7.27E-06
2012,NY,Asthma,284,19625409,1.45E-05
2012,OH,Asthma,145,11546969,1.26E-05
2012,OK,Asthma,54,3815298,1.42E-05
2012,OR,Asthma,56,3893920,1.44E-05
2012,PA,Asthma,146,12768034,1.14E-05
2012,RI,Asthma,1,1052761,0.002128046
2012,SC,Asthma,81,4719009,1.72E-05
2012,SD,Asthma,1,832576,0.002128046
2012,TN,Asthma,58,6450632,8.99E-06
2012,TX,Asthma,206,26078327,7.90E-06
2012,UT,Asthma,28,2854222,9.81E-06
2012,VA,Asthma,107,8188656,1.31E-05
2012,VT,Asthma,1,625606,0.002128046
2012,WA,Asthma,77,6890899,1.12E-05
2012,WI,Asthma,78,5721075,1.36E-05
2012,WV,Asthma,1,1855360,0.002128046
2012,WY,Asthma,1,576608,0.002128046
2012,AK,Cancer (Invasive),946,730825,0.001294428
2012,AL,Cancer (Invasive),10263,4813946,0.002131931
2012,AR,Cancer (Invasive),6549,2949208,0.002220596
2012,AZ,Cancer (Invasive),11051,6544211,0.001688668
2012,CA,Cancer (Invasive),57340,38019006,0.001508193
2012,CO,Cancer (Invasive),7231,5186330,0.001394242
2012,CT,Cancer (Invasive),6742,3597705,0.001873972
2012,DC,Cancer (Invasive),1081,635630,0.001700675
2012,DE,Cancer (Invasive),1925,916868,0.002099539
2012,FL,Cancer (Invasive),42256,19341327,0.002184752
2012,GA,Cancer (Invasive),16032,9911171,0.001617569
2012,HI,Cancer (Invasive),2331,1392772,0.001673641
2012,IA,Cancer (Invasive),6458,3074386,0.002100582
2012,ID,Cancer (Invasive),2635,1594673,0.001652376
2012,IL,Cancer (Invasive),24326,12878494,0.001888885
2012,IN,Cancer (Invasive),13298,6535665,0.002034682
2012,KS,Cancer (Invasive),5442,2885316,0.001886102
2012,KY,Cancer (Invasive),10004,4383673,0.002282105
2012,LA,Cancer (Invasive),9324,4602681,0.002025776
2012,MA,Cancer (Invasive),12879,6659627,0.001933892
2012,MD,Cancer (Invasive),10482,5891680,0.001779119
2012,ME,Cancer (Invasive),3222,1328101,0.00242602
2012,MI,Cancer (Invasive),20614,9886610,0.002085042
2012,MN,Cancer (Invasive),9555,5377695,0.001776784
2012,MO,Cancer (Invasive),12808,6023267,0.002126421
2012,MS,Cancer (Invasive),6421,2982963,0.002152558
2012,MT,Cancer (Invasive),1992,1003522,0.001985009
2012,NC,Cancer (Invasive),18536,9755299,0.001900096
2012,ND,Cancer (Invasive),1287,701380,0.001834954
2012,NE,Cancer (Invasive),3449,1854862,0.001859438
2012,NH,Cancer (Invasive),2641,1320923,0.00199936
2012,NJ,Cancer (Invasive),16582,8882095,0.001866902
2012,NM,Cancer (Invasive),3421,2083590,0.001641878
2012,NV,Cancer (Invasive),4715,2752410,0.001713044
2012,NY,Cancer (Invasive),35581,19625409,0.001813007
2012,OH,Cancer (Invasive),25181,11546969,0.002180745
2012,OK,Cancer (Invasive),7968,3815298,0.002088435
2012,OR,Cancer (Invasive),7787,3893920,0.001999784
2012,PA,Cancer (Invasive),28811,12768034,0.002256495
2012,RI,Cancer (Invasive),2230,1052761,0.00211824
2012,SC,Cancer (Invasive),9660,4719009,0.00204704
2012,SD,Cancer (Invasive),1645,832576,0.001975796
2012,TN,Cancer (Invasive),13809,6450632,0.00214072
2012,TX,Cancer (Invasive),37894,26078327,0.001453084
2012,UT,Cancer (Invasive),2889,2854222,0.001012185
2012,VA,Cancer (Invasive),14382,8188656,0.001756332
2012,VT,Cancer (Invasive),1352,625606,0.002161105
2012,WA,Cancer (Invasive),11992,6890899,0.001740266
2012,WI,Cancer (Invasive),11391,5721075,0.001991059
2012,WV,Cancer (Invasive),4750,1855360,0.00256015
2012,WY,Cancer (Invasive),955,576608,0.001656238
2012,AK,Cardiovascular Disease,955,730825,0.001306742
2012,AL,Cardiovascular Disease,15722,4813946,0.003265928
2012,AR,Cardiovascular Disease,9629,2949208,0.003264944
2012,AZ,Cardiovascular Disease,14267,6544211,0.002180095
2012,CA,Cardiovascular Disease,80373,38019006,0.002114022
2012,CO,Cardiovascular Disease,8643,5186330,0.001666496
2012,CT,Cardiovascular Disease,9176,3597705,0.002550515
2012,DC,Cardiovascular Disease,1627,635630,0.002559665
2012,DE,Cardiovascular Disease,2317,916868,0.002527081
2012,FL,Cardiovascular Disease,54678,19341327,0.002827004
2012,GA,Cardiovascular Disease,21357,9911171,0.002154841
2012,HI,Cardiovascular Disease,3251,1392772,0.002334194
2012,IA,Cardiovascular Disease,9148,3074386,0.002975553
2012,ID,Cardiovascular Disease,3386,1594673,0.002123319
2012,IL,Cardiovascular Disease,32158,12878494,0.002497031
2012,IN,Cardiovascular Disease,18030,6535665,0.002758709
2012,KS,Cardiovascular Disease,7569,2885316,0.002623283
2012,KY,Cardiovascular Disease,12931,4383673,0.002949809
2012,LA,Cardiovascular Disease,12906,4602681,0.002804018
2012,MA,Cardiovascular Disease,15204,6659627,0.002283011
2012,MD,Cardiovascular Disease,14234,5891680,0.002415949
2012,ME,Cardiovascular Disease,3495,1328101,0.002631577
2012,MI,Cardiovascular Disease,30076,9886610,0.003042094
2012,MN,Cardiovascular Disease,10584,5377695,0.001968129
2012,MO,Cardiovascular Disease,17870,6023267,0.002966828
2012,MS,Cardiovascular Disease,9582,2982963,0.003212242
2012,MT,Cardiovascular Disease,2508,1003522,0.002499198
2012,NC,Cardiovascular Disease,23527,9755299,0.002411715
2012,ND,Cardiovascular Disease,1882,701380,0.002683282
2012,NE,Cardiovascular Disease,4534,1854862,0.002444387
2012,NH,Cardiovascular Disease,2976,1320923,0.00225297
2012,NJ,Cardiovascular Disease,23561,8882095,0.00265264
2012,NM,Cardiovascular Disease,4363,2083590,0.002093982
2012,NV,Cardiovascular Disease,6515,2752410,0.002367017
2012,NY,Cardiovascular Disease,53709,19625409,0.002736707
2012,OH,Cardiovascular Disease,34834,11546969,0.003016722
2012,OK,Cardiovascular Disease,11828,3815298,0.003100151
2012,OR,Cardiovascular Disease,8816,3893920,0.002264042
2012,PA,Cardiovascular Disease,40112,12768034,0.003141596
2012,RI,Cardiovascular Disease,2946,1052761,0.002798356
2012,SC,Cardiovascular Disease,12579,4719009,0.002665602
2012,SD,Cardiovascular Disease,2268,832576,0.002724076
2012,TN,Cardiovascular Disease,18871,6450632,0.00292545
2012,TX,Cardiovascular Disease,51745,26078327,0.001984215
2012,UT,Cardiovascular Disease,4212,2854222,0.001475709
2012,VA,Cardiovascular Disease,18074,8188656,0.0022072
2012,VT,Cardiovascular Disease,1606,625606,0.002567111
2012,WA,Cardiovascular Disease,14027,6890899,0.002035583
2012,WI,Cardiovascular Disease,14880,5721075,0.00260091
2012,WV,Cardiovascular Disease,6594,1855360,0.003554027
2012,WY,Cardiovascular Disease,1296,576608,0.002247628
2012,AK,Chronic Kidney Disease,359,730825,0.000491226
2012,AL,Chronic Kidney Disease,4513,4813946,0.000937485
2012,AR,Chronic Kidney Disease,2961,2949208,0.001003998
2012,AZ,Chronic Kidney Disease,4309,6544211,0.000658445
2012,CA,Chronic Kidney Disease,31261,38019006,0.000822247
2012,CO,Chronic Kidney Disease,2672,5186330,0.000515201
2012,CT,Chronic Kidney Disease,2705,3597705,0.000751868
2012,DC,Chronic Kidney Disease,531,635630,0.000835392
2012,DE,Chronic Kidney Disease,764,916868,0.000833272
2012,FL,Chronic Kidney Disease,14210,19341327,0.000734696
2012,GA,Chronic Kidney Disease,6955,9911171,0.000701733
2012,HI,Chronic Kidney Disease,1223,1392772,0.000878105
2012,IA,Chronic Kidney Disease,2929,3074386,0.000952711
2012,ID,Chronic Kidney Disease,1104,1594673,0.000692305
2012,IL,Chronic Kidney Disease,10086,12878494,0.000783166
2012,IN,Chronic Kidney Disease,7260,6535665,0.001110828
2012,KS,Chronic Kidney Disease,2382,2885316,0.000825559
2012,KY,Chronic Kidney Disease,4780,4383673,0.00109041
2012,LA,Chronic Kidney Disease,3567,4602681,0.000774983
2012,MA,Chronic Kidney Disease,5249,6659627,0.000788182
2012,MD,Chronic Kidney Disease,4532,5891680,0.00076922
2012,ME,Chronic Kidney Disease,1256,1328101,0.000945711
2012,MI,Chronic Kidney Disease,8765,9886610,0.000886553
2012,MN,Chronic Kidney Disease,5080,5377695,0.000944643
2012,MO,Chronic Kidney Disease,5519,6023267,0.00091628
2012,MS,Chronic Kidney Disease,3019,2982963,0.001012081
2012,MT,Chronic Kidney Disease,681,1003522,0.00067861
2012,NC,Chronic Kidney Disease,9268,9755299,0.000950048
2012,ND,Chronic Kidney Disease,832,701380,0.001186233
2012,NE,Chronic Kidney Disease,1770,1854862,0.000954249
2012,NH,Chronic Kidney Disease,1108,1320923,0.000838807
2012,NJ,Chronic Kidney Disease,7529,8882095,0.00084766
2012,NM,Chronic Kidney Disease,1568,2083590,0.000752547
2012,NV,Chronic Kidney Disease,1443,2752410,0.000524268
2012,NY,Chronic Kidney Disease,13168,19625409,0.000670967
2012,OH,Chronic Kidney Disease,12354,11546969,0.001069891
2012,OK,Chronic Kidney Disease,3875,3815298,0.001015648
2012,OR,Chronic Kidney Disease,3478,3893920,0.000893187
2012,PA,Chronic Kidney Disease,13711,12768034,0.001073854
2012,RI,Chronic Kidney Disease,1019,1052761,0.000967931
2012,SC,Chronic Kidney Disease,4651,4719009,0.000985588
2012,SD,Chronic Kidney Disease,780,832576,0.000936851
2012,TN,Chronic Kidney Disease,6165,6450632,0.00095572
2012,TX,Chronic Kidney Disease,21762,26078327,0.000834486
2012,UT,Chronic Kidney Disease,1250,2854222,0.000437948
2012,VA,Chronic Kidney Disease,5985,8188656,0.000730889
2012,VT,Chronic Kidney Disease,569,625606,0.000909518
2012,WA,Chronic Kidney Disease,6102,6890899,0.000885516
2012,WI,Chronic Kidney Disease,5229,5721075,0.000913989
2012,WV,Chronic Kidney Disease,2501,1855360,0.001347986
2012,WY,Chronic Kidney Disease,391,576608,0.000678104
2012,AK,Chronic Obstructive Pulmonary Disease,174,730825,0.000238087
2012,AL,Chronic Obstructive Pulmonary Disease,2929,4813946,0.000608441
2012,AR,Chronic Obstructive Pulmonary Disease,1853,2949208,0.000628304
2012,AZ,Chronic Obstructive Pulmonary Disease,3114,6544211,0.00047584
2012,CA,Chronic Obstructive Pulmonary Disease,12422,38019006,0.000326731
2012,CO,Chronic Obstructive Pulmonary Disease,2161,5186330,0.000416672
2012,CT,Chronic Obstructive Pulmonary Disease,1334,3597705,0.000370792
2012,DC,Chronic Obstructive Pulmonary Disease,128,635630,0.000201375
2012,DE,Chronic Obstructive Pulmonary Disease,406,916868,0.000442812
2012,FL,Chronic Obstructive Pulmonary Disease,10299,19341327,0.000532487
2012,GA,Chronic Obstructive Pulmonary Disease,3846,9911171,0.000388047
2012,HI,Chronic Obstructive Pulmonary Disease,284,1392772,0.00020391
2012,IA,Chronic Obstructive Pulmonary Disease,1768,3074386,0.000575074
2012,ID,Chronic Obstructive Pulmonary Disease,728,1594673,0.00045652
2012,IL,Chronic Obstructive Pulmonary Disease,5091,12878494,0.00039531
2012,IN,Chronic Obstructive Pulmonary Disease,3850,6535665,0.000589075
2012,KS,Chronic Obstructive Pulmonary Disease,1649,2885316,0.000571515
2012,KY,Chronic Obstructive Pulmonary Disease,3044,4383673,0.000694395
2012,LA,Chronic Obstructive Pulmonary Disease,2011,4602681,0.000436919
2012,MA,Chronic Obstructive Pulmonary Disease,2430,6659627,0.000364885
2012,MD,Chronic Obstructive Pulmonary Disease,1867,5891680,0.000316888
2012,ME,Chronic Obstructive Pulmonary Disease,795,1328101,0.000598599
2012,MI,Chronic Obstructive Pulmonary Disease,5112,9886610,0.000517063
2012,MN,Chronic Obstructive Pulmonary Disease,2033,5377695,0.000378043
2012,MO,Chronic Obstructive Pulmonary Disease,3548,6023267,0.000589049
2012,MS,Chronic Obstructive Pulmonary Disease,1659,2982963,0.000556158
2012,MT,Chronic Obstructive Pulmonary Disease,584,1003522,0.00058195
2012,NC,Chronic Obstructive Pulmonary Disease,4653,9755299,0.000476972
2012,ND,Chronic Obstructive Pulmonary Disease,296,701380,0.000422025
2012,NE,Chronic Obstructive Pulmonary Disease,1013,1854862,0.000546132
2012,NH,Chronic Obstructive Pulmonary Disease,662,1320923,0.000501165
2012,NJ,Chronic Obstructive Pulmonary Disease,3141,8882095,0.000353633
2012,NM,Chronic Obstructive Pulmonary Disease,924,2083590,0.000443465
2012,NV,Chronic Obstructive Pulmonary Disease,1343,2752410,0.000487936
2012,NY,Chronic Obstructive Pulmonary Disease,6675,19625409,0.00034012
2012,OH,Chronic Obstructive Pulmonary Disease,6839,11546969,0.000592277
2012,OK,Chronic Obstructive Pulmonary Disease,2508,3815298,0.000657354
2012,OR,Chronic Obstructive Pulmonary Disease,1824,3893920,0.000468423
2012,PA,Chronic Obstructive Pulmonary Disease,6352,12768034,0.000497492
2012,RI,Chronic Obstructive Pulmonary Disease,489,1052761,0.000464493
2012,SC,Chronic Obstructive Pulmonary Disease,2348,4719009,0.000497562
2012,SD,Chronic Obstructive Pulmonary Disease,468,832576,0.000562111
2012,TN,Chronic Obstructive Pulmonary Disease,3592,6450632,0.000556845
2012,TX,Chronic Obstructive Pulmonary Disease,9211,26078327,0.000353205
2012,UT,Chronic Obstructive Pulmonary Disease,626,2854222,0.000219324
2012,VA,Chronic Obstructive Pulmonary Disease,2921,8188656,0.000356713
2012,VT,Chronic Obstructive Pulmonary Disease,352,625606,0.000562654
2012,WA,Chronic Obstructive Pulmonary Disease,2843,6890899,0.000412573
2012,WI,Chronic Obstructive Pulmonary Disease,2431,5721075,0.00042492
2012,WV,Chronic Obstructive Pulmonary Disease,1495,1855360,0.000805774
2012,WY,Chronic Obstructive Pulmonary Disease,327,576608,0.00056711
2012,AK,Diabetes,353,730825,0.000483016
2012,AL,Diabetes,3682,4813946,0.000764861
2012,AR,Diabetes,2410,2949208,0.000817169
2012,AZ,Diabetes,3354,6544211,0.000512514
2012,CA,Diabetes,22325,38019006,0.000587206
2012,CO,Diabetes,2165,5186330,0.000417444
2012,CT,Diabetes,1916,3597705,0.000532562
2012,DC,Diabetes,516,635630,0.000811793
2012,DE,Diabetes,668,916868,0.000728567
2012,FL,Diabetes,11059,19341327,0.000571781
2012,GA,Diabetes,5672,9911171,0.000572284
2012,HI,Diabetes,877,1392772,0.00062968
2012,IA,Diabetes,2842,3074386,0.000924412
2012,ID,Diabetes,1076,1594673,0.000674746
2012,IL,Diabetes,7800,12878494,0.000605661
2012,IN,Diabetes,5739,6535665,0.000878105
2012,KS,Diabetes,1815,2885316,0.000629047
2012,KY,Diabetes,4417,4383673,0.001007603
2012,LA,Diabetes,3170,4602681,0.000688729
2012,MA,Diabetes,3328,6659627,0.000499728
2012,MD,Diabetes,3923,5891680,0.000665854
2012,ME,Diabetes,1020,1328101,0.000768014
2012,MI,Diabetes,8697,9886610,0.000879675
2012,MN,Diabetes,4485,5377695,0.000834
2012,MO,Diabetes,4383,6023267,0.000727678
2012,MS,Diabetes,3154,2982963,0.001057338
2012,MT,Diabetes,713,1003522,0.000710498
2012,NC,Diabetes,8812,9755299,0.000903304
2012,ND,Diabetes,648,701380,0.000923893
2012,NE,Diabetes,1671,1854862,0.000900876
2012,NH,Diabetes,958,1320923,0.00072525
2012,NJ,Diabetes,5762,8882095,0.000648721
2012,NM,Diabetes,944,2083590,0.000453064
2012,NV,Diabetes,1109,2752410,0.00040292
2012,NY,Diabetes,11799,19625409,0.00060121
2012,OH,Diabetes,12443,11546969,0.001077599
2012,OK,Diabetes,4504,3815298,0.001180511
2012,OR,Diabetes,3808,3893920,0.000977935
2012,PA,Diabetes,10810,12768034,0.000846646
2012,RI,Diabetes,865,1052761,0.000821649
2012,SC,Diabetes,3748,4719009,0.000794235
2012,SD,Diabetes,786,832576,0.000944058
2012,TN,Diabetes,5980,6450632,0.000927041
2012,TX,Diabetes,13592,26078327,0.000521199
2012,UT,Diabetes,1088,2854222,0.00038119
2012,VA,Diabetes,4825,8188656,0.00058923
2012,VT,Diabetes,731,625606,0.001168467
2012,WA,Diabetes,5355,6890899,0.000777112
2012,WI,Diabetes,4402,5721075,0.000769436
2012,WV,Diabetes,2365,1855360,0.001274685
2012,WY,Diabetes,333,576608,0.000577515
2013,AK,Alcohol (Chronic liver disease),82,736760,0.000111298
2013,AL,Alcohol (Chronic liver disease),577,4827660,0.00011952
2013,AR,Alcohol (Chronic liver disease),338,2956780,0.000114314
2013,AZ,Alcohol (Chronic liver disease),1069,6616124,0.000161575
2013,CA,Alcohol (Chronic liver disease),4824,38347383,0.000125797
2013,CO,Alcohol (Chronic liver disease),712,5262556,0.000135295
2013,CT,Alcohol (Chronic liver disease),336,3602470,9.33E-05
2013,DC,Alcohol (Chronic liver disease),51,650114,7.84E-05
2013,DE,Alcohol (Chronic liver disease),82,925114,8.86E-05
2013,FL,Alcohol (Chronic liver disease),2668,19584927,0.000136227
2013,GA,Alcohol (Chronic liver disease),898,9981773,9.00E-05
2013,HI,Alcohol (Chronic liver disease),112,1408038,7.95E-05
2013,IA,Alcohol (Chronic liver disease),308,3089876,9.97E-05
2013,ID,Alcohol (Chronic liver disease),207,1610187,0.000128556
2013,IL,Alcohol (Chronic liver disease),1279,12890403,9.92E-05
2013,IN,Alcohol (Chronic liver disease),752,6567484,0.000114504
2013,KS,Alcohol (Chronic liver disease),248,2892900,8.57E-05
2013,KY,Alcohol (Chronic liver disease),558,4399121,0.000126844
2013,LA,Alcohol (Chronic liver disease),503,4626795,0.000108715
2013,MA,Alcohol (Chronic liver disease),597,6711138,8.90E-05
2013,MD,Alcohol (Chronic liver disease),455,5932654,7.67E-05
2013,ME,Alcohol (Chronic liver disease),151,1327975,0.000113707
2013,MI,Alcohol (Chronic liver disease),1171,9899219,0.000118292
2013,MN,Alcohol (Chronic liver disease),517,5416074,9.55E-05
2013,MO,Alcohol (Chronic liver disease),598,6041142,9.90E-05
2013,MS,Alcohol (Chronic liver disease),327,2987721,0.000109448
2013,MT,Alcohol (Chronic liver disease),150,1011921,0.000148233
2013,NC,Alcohol (Chronic liver disease),1154,9849812,0.00011716
2013,ND,Alcohol (Chronic liver disease),90,722908,0.000124497
2013,NE,Alcohol (Chronic liver disease),181,1867414,9.69E-05
2013,NH,Alcohol (Chronic liver disease),147,1322622,0.000111143
2013,NJ,Alcohol (Chronic liver disease),795,8913735,8.92E-05
2013,NM,Alcohol (Chronic liver disease),452,2085161,0.00021677
2013,NV,Alcohol (Chronic liver disease),402,2786547,0.000144265
2013,NY,Alcohol (Chronic liver disease),1559,19712514,7.91E-05
2013,OH,Alcohol (Chronic liver disease),1396,11567845,0.000120679
2013,OK,Alcohol (Chronic liver disease),582,3849840,0.000151175
2013,OR,Alcohol (Chronic liver disease),547,3919664,0.000139553
2013,PA,Alcohol (Chronic liver disease),1265,12778450,9.90E-05
2013,RI,Alcohol (Chronic liver disease),124,1052784,0.000117783
2013,SC,Alcohol (Chronic liver disease),681,4765862,0.000142891
2013,SD,Alcohol (Chronic liver disease),122,842513,0.000144805
2013,TN,Alcohol (Chronic liver disease),867,6490795,0.000133574
2013,TX,Alcohol (Chronic liver disease),3412,26479279,0.000128855
2013,UT,Alcohol (Chronic liver disease),193,2899961,6.66E-05
2013,VA,Alcohol (Chronic liver disease),843,8261689,0.000102037
2013,VT,Alcohol (Chronic liver disease),75,626044,0.0001198
2013,WA,Alcohol (Chronic liver disease),966,6963410,0.000138725
2013,WI,Alcohol (Chronic liver disease),618,5736673,0.000107728
2013,WV,Alcohol (Chronic liver disease),294,1852333,0.000158719
2013,WY,Alcohol (Chronic liver disease),92,582341,0.000157983
2013,AK,Asthma,1,736760,0.002128046
2013,AL,Asthma,42,4827660,8.70E-06
2013,AR,Asthma,36,2956780,1.22E-05
2013,AZ,Asthma,98,6616124,1.48E-05
2013,CA,Asthma,410,38347383,1.07E-05
2013,CO,Asthma,51,5262556,9.69E-06
2013,CT,Asthma,36,3602470,9.99E-06
2013,DC,Asthma,1,650114,0.002128046
2013,DE,Asthma,1,925114,0.002128046
2013,FL,Asthma,188,19584927,9.60E-06
2013,GA,Asthma,101,9981773,1.01E-05
2013,HI,Asthma,24,1408038,1.70E-05
2013,IA,Asthma,36,3089876,1.17E-05
2013,ID,Asthma,23,1610187,1.43E-05
2013,IL,Asthma,192,12890403,1.49E-05
2013,IN,Asthma,69,6567484,1.05E-05
2013,KS,Asthma,32,2892900,1.11E-05
2013,KY,Asthma,36,4399121,8.18E-06
2013,LA,Asthma,56,4626795,1.21E-05
2013,MA,Asthma,67,6711138,9.98E-06
2013,MD,Asthma,71,5932654,1.20E-05
2013,ME,Asthma,1,1327975,0.002128046
2013,MI,Asthma,110,9899219,1.11E-05
2013,MN,Asthma,79,5416074,1.46E-05
2013,MO,Asthma,53,6041142,8.77E-06
2013,MS,Asthma,61,2987721,2.04E-05
2013,MT,Asthma,1,1011921,0.002128046
2013,NC,Asthma,112,9849812,1.14E-05
2013,ND,Asthma,1,722908,0.002128046
2013,NE,Asthma,25,1867414,1.34E-05
2013,NH,Asthma,1,1322622,0.002128046
2013,NJ,Asthma,134,8913735,1.50E-05
2013,NM,Asthma,1,2085161,0.002128046
2013,NV,Asthma,27,2786547,9.69E-06
2013,NY,Asthma,283,19712514,1.44E-05
2013,OH,Asthma,130,11567845,1.12E-05
2013,OK,Asthma,50,3849840,1.30E-05
2013,OR,Asthma,62,3919664,1.58E-05
2013,PA,Asthma,157,12778450,1.23E-05
2013,RI,Asthma,1,1052784,0.002128046
2013,SC,Asthma,61,4765862,1.28E-05
2013,SD,Asthma,1,842513,0.002128046
2013,TN,Asthma,62,6490795,9.55E-06
2013,TX,Asthma,213,26479279,8.04E-06
2013,UT,Asthma,31,2899961,1.07E-05
2013,VA,Asthma,87,8261689,1.05E-05
2013,VT,Asthma,1,626044,0.002128046
2013,WA,Asthma,87,6963410,1.25E-05
2013,WI,Asthma,75,5736673,1.31E-05
2013,WV,Asthma,30,1852333,1.62E-05
2013,WY,Asthma,1,582341,0.002128046
2013,AK,Cancer (Invasive),946,736760,0.001284
2013,AL,Cancer (Invasive),10263,4827660,0.002125875
2013,AR,Cancer (Invasive),6549,2956780,0.002214909
2013,AZ,Cancer (Invasive),11051,6616124,0.001670313
2013,CA,Cancer (Invasive),57340,38347383,0.001495278
2013,CO,Cancer (Invasive),7231,5262556,0.001374047
2013,CT,Cancer (Invasive),6742,3602470,0.001871494
2013,DC,Cancer (Invasive),1081,650114,0.001662785
2013,DE,Cancer (Invasive),1925,925114,0.002080825
2013,FL,Cancer (Invasive),42256,19584927,0.002157578
2013,GA,Cancer (Invasive),16032,9981773,0.001606127
2013,HI,Cancer (Invasive),2331,1408038,0.001655495
2013,IA,Cancer (Invasive),6458,3089876,0.002090052
2013,ID,Cancer (Invasive),2635,1610187,0.001636456
2013,IL,Cancer (Invasive),24326,12890403,0.00188714
2013,IN,Cancer (Invasive),13298,6567484,0.002024824
2013,KS,Cancer (Invasive),5442,2892900,0.001881157
2013,KY,Cancer (Invasive),10004,4399121,0.002274091
2013,LA,Cancer (Invasive),9324,4626795,0.002015218
2013,MA,Cancer (Invasive),12879,6711138,0.001919049
2013,MD,Cancer (Invasive),10482,5932654,0.001766832
2013,ME,Cancer (Invasive),3222,1327975,0.00242625
2013,MI,Cancer (Invasive),20614,9899219,0.002082386
2013,MN,Cancer (Invasive),9555,5416074,0.001764193
2013,MO,Cancer (Invasive),12808,6041142,0.002120129
2013,MS,Cancer (Invasive),6421,2987721,0.00214913
2013,MT,Cancer (Invasive),1992,1011921,0.001968533
2013,NC,Cancer (Invasive),18536,9849812,0.001881863
2013,ND,Cancer (Invasive),1287,722908,0.00178031
2013,NE,Cancer (Invasive),3449,1867414,0.001846939
2013,NH,Cancer (Invasive),2641,1322622,0.001996791
2013,NJ,Cancer (Invasive),16582,8913735,0.001860275
2013,NM,Cancer (Invasive),3421,2085161,0.001640641
2013,NV,Cancer (Invasive),4715,2786547,0.001692058
2013,NY,Cancer (Invasive),35581,19712514,0.001804996
2013,OH,Cancer (Invasive),25181,11567845,0.00217681
2013,OK,Cancer (Invasive),7968,3849840,0.002069696
2013,OR,Cancer (Invasive),7787,3919664,0.00198665
2013,PA,Cancer (Invasive),28811,12778450,0.002254655
2013,RI,Cancer (Invasive),2230,1052784,0.002118193
2013,SC,Cancer (Invasive),9660,4765862,0.002026916
2013,SD,Cancer (Invasive),1645,842513,0.001952492
2013,TN,Cancer (Invasive),13809,6490795,0.002127474
2013,TX,Cancer (Invasive),37894,26479279,0.001431081
2013,UT,Cancer (Invasive),2889,2899961,0.00099622
2013,VA,Cancer (Invasive),14382,8261689,0.001740806
2013,VT,Cancer (Invasive),1352,626044,0.002159593
2013,WA,Cancer (Invasive),11992,6963410,0.001722145
2013,WI,Cancer (Invasive),11391,5736673,0.001985646
2013,WV,Cancer (Invasive),4750,1852333,0.002564334
2013,WY,Cancer (Invasive),955,582341,0.001639933
2013,AK,Cardiovascular Disease,963,736760,0.001307074
2013,AL,Cardiovascular Disease,16252,4827660,0.003366434
2013,AR,Cardiovascular Disease,9604,2956780,0.003248128
2013,AZ,Cardiovascular Disease,14284,6616124,0.002158968
2013,CA,Cardiovascular Disease,81605,38347383,0.002128046
2013,CO,Cardiovascular Disease,8829,5262556,0.001677702
2013,CT,Cardiovascular Disease,9183,3602470,0.002549084
2013,DC,Cardiovascular Disease,1640,650114,0.002522634
2013,DE,Cardiovascular Disease,2415,925114,0.002610489
2013,FL,Cardiovascular Disease,55768,19584927,0.002847496
2013,GA,Cardiovascular Disease,22165,9981773,0.002220547
2013,HI,Cardiovascular Disease,3395,1408038,0.002411157
2013,IA,Cardiovascular Disease,9126,3089876,0.002953517
2013,ID,Cardiovascular Disease,3378,1610187,0.002097893
2013,IL,Cardiovascular Disease,32406,12890403,0.002513963
2013,IN,Cardiovascular Disease,18178,6567484,0.002767879
2013,KS,Cardiovascular Disease,7533,2892900,0.002603961
2013,KY,Cardiovascular Disease,12769,4399121,0.002902625
2013,LA,Cardiovascular Disease,13316,4626795,0.002878018
2013,MA,Cardiovascular Disease,15560,6711138,0.002318534
2013,MD,Cardiovascular Disease,14509,5932654,0.002445617
2013,ME,Cardiovascular Disease,3676,1327975,0.002768124
2013,MI,Cardiovascular Disease,30787,9899219,0.003110043
2013,MN,Cardiovascular Disease,10828,5416074,0.001999234
2013,MO,Cardiovascular Disease,18120,6041142,0.002999433
2013,MS,Cardiovascular Disease,9921,2987721,0.003320591
2013,MT,Cardiovascular Disease,2675,1011921,0.002643487
2013,NC,Cardiovascular Disease,24084,9849812,0.002445123
2013,ND,Cardiovascular Disease,1861,722908,0.002574325
2013,NE,Cardiovascular Disease,4607,1867414,0.002467048
2013,NH,Cardiovascular Disease,3089,1322622,0.002335512
2013,NJ,Cardiovascular Disease,23628,8913735,0.002650741
2013,NM,Cardiovascular Disease,4457,2085161,0.002137485
2013,NV,Cardiovascular Disease,6775,2786547,0.002431325
2013,NY,Cardiovascular Disease,54223,19712514,0.002750689
2013,OH,Cardiovascular Disease,35253,11567845,0.003047499
2013,OK,Cardiovascular Disease,12336,3849840,0.003204289
2013,OR,Cardiovascular Disease,9223,3919664,0.002353008
2013,PA,Cardiovascular Disease,40897,12778450,0.003200466
2013,RI,Cardiovascular Disease,2937,1052784,0.002789746
2013,SC,Cardiovascular Disease,13038,4765862,0.002735707
2013,SD,Cardiovascular Disease,2212,842513,0.002625479
2013,TN,Cardiovascular Disease,19273,6490795,0.002969282
2013,TX,Cardiovascular Disease,52979,26479279,0.002000772
2013,UT,Cardiovascular Disease,4462,2899961,0.001538641
2013,VA,Cardiovascular Disease,18233,8261689,0.002206934
2013,VT,Cardiovascular Disease,1611,626044,0.002573302
2013,WA,Cardiovascular Disease,14408,6963410,0.002069101
2013,WI,Cardiovascular Disease,14999,5736673,0.002614582
2013,WV,Cardiovascular Disease,6226,1852333,0.003361167
2013,WY,Cardiovascular Disease,1241,582341,0.002131054
2013,AK,Chronic Kidney Disease,267,736760,0.000362398
2013,AL,Chronic Kidney Disease,3634,4827660,0.000752746
2013,AR,Chronic Kidney Disease,2329,2956780,0.000787681
2013,AZ,Chronic Kidney Disease,2949,6616124,0.000445729
2013,CA,Chronic Kidney Disease,20644,38347383,0.000538342
2013,CO,Chronic Kidney Disease,2162,5262556,0.000410827
2013,CT,Chronic Kidney Disease,2215,3602470,0.000614856
2013,DC,Chronic Kidney Disease,291,650114,0.000447614
2013,DE,Chronic Kidney Disease,642,925114,0.000693969
2013,FL,Chronic Kidney Disease,11244,19584927,0.000574115
2013,GA,Chronic Kidney Disease,5562,9981773,0.000557216
2013,HI,Chronic Kidney Disease,899,1408038,0.000638477
2013,IA,Chronic Kidney Disease,2057,3089876,0.000665723
2013,ID,Chronic Kidney Disease,833,1610187,0.000517331
2013,IL,Chronic Kidney Disease,7868,12890403,0.000610377
2013,IN,Chronic Kidney Disease,5947,6567484,0.000905522
2013,KS,Chronic Kidney Disease,1867,2892900,0.000645373
2013,KY,Chronic Kidney Disease,3470,4399121,0.000788794
2013,LA,Chronic Kidney Disease,2799,4626795,0.000604954
2013,MA,Chronic Kidney Disease,4333,6711138,0.000645643
2013,MD,Chronic Kidney Disease,3272,5932654,0.000551524
2013,ME,Chronic Kidney Disease,1015,1327975,0.000764322
2013,MI,Chronic Kidney Disease,6397,9899219,0.000646213
2013,MN,Chronic Kidney Disease,3370,5416074,0.000622222
2013,MO,Chronic Kidney Disease,4391,6041142,0.000726849
2013,MS,Chronic Kidney Disease,2180,2987721,0.000729653
2013,MT,Chronic Kidney Disease,590,1011921,0.000583049
2013,NC,Chronic Kidney Disease,6770,9849812,0.000687323
2013,ND,Chronic Kidney Disease,609,722908,0.000842431
2013,NE,Chronic Kidney Disease,1207,1867414,0.000646348
2013,NH,Chronic Kidney Disease,857,1322622,0.000647955
2013,NJ,Chronic Kidney Disease,5803,8913735,0.000651018
2013,NM,Chronic Kidney Disease,1086,2085161,0.000520823
2013,NV,Chronic Kidney Disease,1201,2786547,0.000430999
2013,NY,Chronic Kidney Disease,9503,19712514,0.00048208
2013,OH,Chronic Kidney Disease,8355,11567845,0.000722261
2013,OK,Chronic Kidney Disease,2857,3849840,0.000742109
2013,OR,Chronic Kidney Disease,2372,3919664,0.000605154
2013,PA,Chronic Kidney Disease,10415,12778450,0.000815044
2013,RI,Chronic Kidney Disease,782,1052784,0.000742792
2013,SC,Chronic Kidney Disease,3704,4765862,0.000777194
2013,SD,Chronic Kidney Disease,549,842513,0.000651622
2013,TN,Chronic Kidney Disease,4756,6490795,0.00073273
2013,TX,Chronic Kidney Disease,16425,26479279,0.000620296
2013,UT,Chronic Kidney Disease,1116,2899961,0.000384833
2013,VA,Chronic Kidney Disease,4707,8261689,0.000569738
2013,VT,Chronic Kidney Disease,398,626044,0.000635738
2013,WA,Chronic Kidney Disease,4309,6963410,0.000618806
2013,WI,Chronic Kidney Disease,3969,5736673,0.000691864
2013,WV,Chronic Kidney Disease,1752,1852333,0.000945834
2013,WY,Chronic Kidney Disease,307,582341,0.000527183
2013,AK,Chronic Obstructive Pulmonary Disease,182,736760,0.000247028
2013,AL,Chronic Obstructive Pulmonary Disease,2978,4827660,0.000616862
2013,AR,Chronic Obstructive Pulmonary Disease,2026,2956780,0.000685205
2013,AZ,Chronic Obstructive Pulmonary Disease,3221,6616124,0.000486841
2013,CA,Chronic Obstructive Pulmonary Disease,13036,38347383,0.000339945
2013,CO,Chronic Obstructive Pulmonary Disease,2233,5262556,0.000424319
2013,CT,Chronic Obstructive Pulmonary Disease,1307,3602470,0.000362807
2013,DC,Chronic Obstructive Pulmonary Disease,143,650114,0.000219961
2013,DE,Chronic Obstructive Pulmonary Disease,458,925114,0.000495074
2013,FL,Chronic Obstructive Pulmonary Disease,11090,19584927,0.000566252
2013,GA,Chronic Obstructive Pulmonary Disease,4024,9981773,0.000403135
2013,HI,Chronic Obstructive Pulmonary Disease,246,1408038,0.000174711
2013,IA,Chronic Obstructive Pulmonary Disease,1839,3089876,0.00059517
2013,ID,Chronic Obstructive Pulmonary Disease,779,1610187,0.000483795
2013,IL,Chronic Obstructive Pulmonary Disease,5276,12890403,0.000409297
2013,IN,Chronic Obstructive Pulmonary Disease,4149,6567484,0.000631749
2013,KS,Chronic Obstructive Pulmonary Disease,1617,2892900,0.000558955
2013,KY,Chronic Obstructive Pulmonary Disease,3115,4399121,0.000708096
2013,LA,Chronic Obstructive Pulmonary Disease,2199,4626795,0.000475275
2013,MA,Chronic Obstructive Pulmonary Disease,2475,6711138,0.00036879
2013,MD,Chronic Obstructive Pulmonary Disease,1962,5932654,0.000330712
2013,ME,Chronic Obstructive Pulmonary Disease,875,1327975,0.000658898
2013,MI,Chronic Obstructive Pulmonary Disease,5399,9899219,0.000545397
2013,MN,Chronic Obstructive Pulmonary Disease,2174,5416074,0.000401398
2013,MO,Chronic Obstructive Pulmonary Disease,3716,6041142,0.000615115
2013,MS,Chronic Obstructive Pulmonary Disease,1669,2987721,0.00055862
2013,MT,Chronic Obstructive Pulmonary Disease,627,1011921,0.000619614
2013,NC,Chronic Obstructive Pulmonary Disease,4826,9849812,0.000489959
2013,ND,Chronic Obstructive Pulmonary Disease,319,722908,0.000441273
2013,NE,Chronic Obstructive Pulmonary Disease,999,1867414,0.000534964
2013,NH,Chronic Obstructive Pulmonary Disease,646,1322622,0.000488424
2013,NJ,Chronic Obstructive Pulmonary Disease,3083,8913735,0.000345871
2013,NM,Chronic Obstructive Pulmonary Disease,1031,2085161,0.000494446
2013,NV,Chronic Obstructive Pulmonary Disease,1446,2786547,0.000518922
2013,NY,Chronic Obstructive Pulmonary Disease,6761,19712514,0.00034298
2013,OH,Chronic Obstructive Pulmonary Disease,6805,11567845,0.000588269
2013,OK,Chronic Obstructive Pulmonary Disease,2610,3849840,0.00067795
2013,OR,Chronic Obstructive Pulmonary Disease,1949,3919664,0.000497236
2013,PA,Chronic Obstructive Pulmonary Disease,6501,12778450,0.000508747
2013,RI,Chronic Obstructive Pulmonary Disease,462,1052784,0.000438836
2013,SC,Chronic Obstructive Pulmonary Disease,2665,4765862,0.000559185
2013,SD,Chronic Obstructive Pulmonary Disease,405,842513,0.000480705
2013,TN,Chronic Obstructive Pulmonary Disease,3801,6490795,0.000585599
2013,TX,Chronic Obstructive Pulmonary Disease,9482,26479279,0.000358091
2013,UT,Chronic Obstructive Pulmonary Disease,681,2899961,0.000234831
2013,VA,Chronic Obstructive Pulmonary Disease,3050,8261689,0.000369174
2013,VT,Chronic Obstructive Pulmonary Disease,339,626044,0.000541495
2013,WA,Chronic Obstructive Pulmonary Disease,2811,6963410,0.000403682
2013,WI,Chronic Obstructive Pulmonary Disease,2686,5736673,0.000468216
2013,WV,Chronic Obstructive Pulmonary Disease,1550,1852333,0.000836783
2013,WY,Chronic Obstructive Pulmonary Disease,375,582341,0.000643953
2013,AK,Diabetes,372,736760,0.000504913
2013,AL,Diabetes,3625,4827660,0.000750881
2013,AR,Diabetes,2395,2956780,0.000810003
2013,AZ,Diabetes,3627,6616124,0.000548206
2013,CA,Diabetes,22925,38347383,0.000597824
2013,CO,Diabetes,2241,5262556,0.000425839
2013,CT,Diabetes,1893,3602470,0.000525473
2013,DC,Diabetes,446,650114,0.000686034
2013,DE,Diabetes,624,925114,0.000674511
2013,FL,Diabetes,11663,19584927,0.000595509
2013,GA,Diabetes,5833,9981773,0.000584365
2013,HI,Diabetes,882,1408038,0.000626404
2013,IA,Diabetes,2811,3089876,0.000909745
2013,ID,Diabetes,1152,1610187,0.000715445
2013,IL,Diabetes,7853,12890403,0.000609213
2013,IN,Diabetes,5987,6567484,0.000911612
2013,KS,Diabetes,1780,2892900,0.0006153
2013,KY,Diabetes,4289,4399121,0.000974967
2013,LA,Diabetes,3362,4626795,0.000726637
2013,MA,Diabetes,3286,6711138,0.000489634
2013,MD,Diabetes,4047,5932654,0.000682157
2013,ME,Diabetes,1063,1327975,0.000800467
2013,MI,Diabetes,8713,9899219,0.00088017
2013,MN,Diabetes,4519,5416074,0.000834368
2013,MO,Diabetes,4391,6041142,0.000726849
2013,MS,Diabetes,3162,2987721,0.001058332
2013,MT,Diabetes,749,1011921,0.000740176
2013,NC,Diabetes,9100,9849812,0.000923876
2013,ND,Diabetes,637,722908,0.000881163
2013,NE,Diabetes,1757,1867414,0.000940873
2013,NH,Diabetes,1030,1322622,0.000778756
2013,NJ,Diabetes,5675,8913735,0.000636658
2013,NM,Diabetes,900,2085161,0.000431621
2013,NV,Diabetes,1229,2786547,0.000441048
2013,NY,Diabetes,11890,19712514,0.00060317
2013,OH,Diabetes,12191,11567845,0.00105387
2013,OK,Diabetes,4766,3849840,0.001237974
2013,OR,Diabetes,4028,3919664,0.001027639
2013,PA,Diabetes,10895,12778450,0.000852607
2013,RI,Diabetes,909,1052784,0.000863425
2013,SC,Diabetes,4079,4765862,0.000855879
2013,SD,Diabetes,815,842513,0.000967344
2013,TN,Diabetes,6044,6490795,0.000931165
2013,TX,Diabetes,14248,26479279,0.000538081
2013,UT,Diabetes,1339,2899961,0.00046173
2013,VA,Diabetes,4710,8261689,0.000570101
2013,VT,Diabetes,730,626044,0.001166052
2013,WA,Diabetes,5385,6963410,0.000773328
2013,WI,Diabetes,4466,5736673,0.0007785
2013,WV,Diabetes,2497,1852333,0.00134803
2013,WY,Diabetes,333,582341,0.00057183
2014,AK,Alcohol (Chronic liver disease),84,736759,0.000114013
2014,AL,Alcohol (Chronic liver disease),683,4840037,0.000141115
2014,AR,Alcohol (Chronic liver disease),369,2964800,0.00012446
2014,AZ,Alcohol (Chronic liver disease),1084,6706435,0.000161636
2014,CA,Alcohol (Chronic liver disease),5013,38701278,0.000129531
2014,CO,Alcohol (Chronic liver disease),743,5342311,0.000139078
2014,CT,Alcohol (Chronic liver disease),375,3600188,0.000104161
2014,DC,Alcohol (Chronic liver disease),50,660797,7.57E-05
2014,DE,Alcohol (Chronic liver disease),110,934805,0.000117672
2014,FL,Alcohol (Chronic liver disease),3037,19897747,0.00015263
2014,GA,Alcohol (Chronic liver disease),935,10083850,9.27E-05
2014,HI,Alcohol (Chronic liver disease),114,1417710,8.04E-05
2014,IA,Alcohol (Chronic liver disease),319,3105563,0.000102719
2014,ID,Alcohol (Chronic liver disease),197,1630391,0.00012083
2014,IL,Alcohol (Chronic liver disease),1323,12882438,0.000102698
2014,IN,Alcohol (Chronic liver disease),781,6593182,0.000118456
2014,KS,Alcohol (Chronic liver disease),286,2899553,9.86E-05
2014,KY,Alcohol (Chronic liver disease),604,4410415,0.000136949
2014,LA,Alcohol (Chronic liver disease),515,4648797,0.000110781
2014,MA,Alcohol (Chronic liver disease),671,6757925,9.93E-05
2014,MD,Alcohol (Chronic liver disease),484,5970245,8.11E-05
2014,ME,Alcohol (Chronic liver disease),161,1328903,0.000121153
2014,MI,Alcohol (Chronic liver disease),1198,9914675,0.000120831
2014,MN,Alcohol (Chronic liver disease),501,5452649,9.19E-05
2014,MO,Alcohol (Chronic liver disease),623,6058014,0.000102839
2014,MS,Alcohol (Chronic liver disease),347,2988578,0.000116109
2014,MT,Alcohol (Chronic liver disease),150,1019931,0.000147069
2014,NC,Alcohol (Chronic liver disease),1184,9941160,0.000119101
2014,ND,Alcohol (Chronic liver disease),61,738658,8.26E-05
2014,NE,Alcohol (Chronic liver disease),165,1880920,8.77E-05
2014,NH,Alcohol (Chronic liver disease),180,1328684,0.000135472
2014,NJ,Alcohol (Chronic liver disease),794,8943010,8.88E-05
2014,NM,Alcohol (Chronic liver disease),509,2083207,0.000244335
2014,NV,Alcohol (Chronic liver disease),392,2831730,0.000138431
2014,NY,Alcohol (Chronic liver disease),1575,19773580,7.97E-05
2014,OH,Alcohol (Chronic liver disease),1456,11593741,0.000125585
2014,OK,Alcohol (Chronic liver disease),589,3875008,0.000152
2014,OR,Alcohol (Chronic liver disease),599,3960673,0.000151237
2014,PA,Alcohol (Chronic liver disease),1301,12790341,0.000101717
2014,RI,Alcohol (Chronic liver disease),116,1054782,0.000109975
2014,SC,Alcohol (Chronic liver disease),689,4824758,0.000142805
2014,SD,Alcohol (Chronic liver disease),130,849455,0.000153039
2014,TN,Alcohol (Chronic liver disease),917,6540007,0.000140214
2014,TX,Alcohol (Chronic liver disease),3680,26954436,0.000136527
2014,UT,Alcohol (Chronic liver disease),223,2938671,7.59E-05
2014,VA,Alcohol (Chronic liver disease),837,8316902,0.000100638
2014,VT,Alcohol (Chronic liver disease),69,625665,0.000110283
2014,WA,Alcohol (Chronic liver disease),901,7046931,0.000127857
2014,WI,Alcohol (Chronic liver disease),612,5751272,0.000106411
2014,WV,Alcohol (Chronic liver disease),345,1847624,0.000186726
2014,WY,Alcohol (Chronic liver disease),89,583334,0.000152571
2014,AK,Asthma,1,736759,0.002128046
2014,AL,Asthma,57,4840037,1.18E-05
2014,AR,Asthma,33,2964800,1.11E-05
2014,AZ,Asthma,86,6706435,1.28E-05
2014,CA,Asthma,407,38701278,1.05E-05
2014,CO,Asthma,41,5342311,7.67E-06
2014,CT,Asthma,36,3600188,1.00E-05
2014,DC,Asthma,1,660797,0.002128046
2014,DE,Asthma,1,934805,0.002128046
2014,FL,Asthma,191,19897747,9.60E-06
2014,GA,Asthma,96,10083850,9.52E-06
2014,HI,Asthma,24,1417710,1.69E-05
2014,IA,Asthma,54,3105563,1.74E-05
2014,ID,Asthma,22,1630391,1.35E-05
2014,IL,Asthma,167,12882438,1.30E-05
2014,IN,Asthma,73,6593182,1.11E-05
2014,KS,Asthma,27,2899553,9.31E-06
2014,KY,Asthma,35,4410415,7.94E-06
2014,LA,Asthma,61,4648797,1.31E-05
2014,MA,Asthma,76,6757925,1.12E-05
2014,MD,Asthma,87,5970245,1.46E-05
2014,ME,Asthma,1,1328903,0.002128046
2014,MI,Asthma,94,9914675,9.48E-06
2014,MN,Asthma,66,5452649,1.21E-05
2014,MO,Asthma,89,6058014,1.47E-05
2014,MS,Asthma,48,2988578,1.61E-05
2014,MT,Asthma,1,1019931,0.002128046
2014,NC,Asthma,106,9941160,1.07E-05
2014,ND,Asthma,1,738658,0.002128046
2014,NE,Asthma,30,1880920,1.59E-05
2014,NH,Asthma,1,1328684,0.002128046
2014,NJ,Asthma,111,8943010,1.24E-05
2014,NM,Asthma,28,2083207,1.34E-05
2014,NV,Asthma,25,2831730,8.83E-06
2014,NY,Asthma,302,19773580,1.53E-05
2014,OH,Asthma,116,11593741,1.00E-05
2014,OK,Asthma,56,3875008,1.45E-05
2014,OR,Asthma,77,3960673,1.94E-05
2014,PA,Asthma,149,12790341,1.16E-05
2014,RI,Asthma,1,1054782,0.002128046
2014,SC,Asthma,74,4824758,1.53E-05
2014,SD,Asthma,1,849455,0.002128046
2014,TN,Asthma,64,6540007,9.79E-06
2014,TX,Asthma,212,26954436,7.87E-06
2014,UT,Asthma,31,2938671,1.05E-05
2014,VA,Asthma,103,8316902,1.24E-05
2014,VT,Asthma,1,625665,0.002128046
2014,WA,Asthma,93,7046931,1.32E-05
2014,WI,Asthma,77,5751272,1.34E-05
2014,WV,Asthma,1,1847624,0.002128046
2014,WY,Asthma,1,583334,0.002128046
2014,AK,Cancer (Invasive),946,736759,0.001284002
2014,AL,Cancer (Invasive),10263,4840037,0.002120438
2014,AR,Cancer (Invasive),6549,2964800,0.002208918
2014,AZ,Cancer (Invasive),11051,6706435,0.00164782
2014,CA,Cancer (Invasive),57340,38701278,0.001481605
2014,CO,Cancer (Invasive),7231,5342311,0.001353534
2014,CT,Cancer (Invasive),6742,3600188,0.00187268
2014,DC,Cancer (Invasive),1081,660797,0.001635903
2014,DE,Cancer (Invasive),1925,934805,0.002059253
2014,FL,Cancer (Invasive),42256,19897747,0.002123658
2014,GA,Cancer (Invasive),16032,10083850,0.001589869
2014,HI,Cancer (Invasive),2331,1417710,0.001644201
2014,IA,Cancer (Invasive),6458,3105563,0.002079494
2014,ID,Cancer (Invasive),2635,1630391,0.001616177
2014,IL,Cancer (Invasive),24326,12882438,0.001888307
2014,IN,Cancer (Invasive),13298,6593182,0.002016932
2014,KS,Cancer (Invasive),5442,2899553,0.001876841
2014,KY,Cancer (Invasive),10004,4410415,0.002268267
2014,LA,Cancer (Invasive),9324,4648797,0.00200568
2014,MA,Cancer (Invasive),12879,6757925,0.001905762
2014,MD,Cancer (Invasive),10482,5970245,0.001755707
2014,ME,Cancer (Invasive),3222,1328903,0.002424556
2014,MI,Cancer (Invasive),20614,9914675,0.00207914
2014,MN,Cancer (Invasive),9555,5452649,0.001752359
2014,MO,Cancer (Invasive),12808,6058014,0.002114224
2014,MS,Cancer (Invasive),6421,2988578,0.002148513
2014,MT,Cancer (Invasive),1992,1019931,0.001953073
2014,NC,Cancer (Invasive),18536,9941160,0.001864571
2014,ND,Cancer (Invasive),1287,738658,0.001742349
2014,NE,Cancer (Invasive),3449,1880920,0.001833677
2014,NH,Cancer (Invasive),2641,1328684,0.001987681
2014,NJ,Cancer (Invasive),16582,8943010,0.001854186
2014,NM,Cancer (Invasive),3421,2083207,0.00164218
2014,NV,Cancer (Invasive),4715,2831730,0.00166506
2014,NY,Cancer (Invasive),35581,19773580,0.001799421
2014,OH,Cancer (Invasive),25181,11593741,0.002171948
2014,OK,Cancer (Invasive),7968,3875008,0.002056254
2014,OR,Cancer (Invasive),7787,3960673,0.00196608
2014,PA,Cancer (Invasive),28811,12790341,0.002252559
2014,RI,Cancer (Invasive),2230,1054782,0.002114181
2014,SC,Cancer (Invasive),9660,4824758,0.002002173
2014,SD,Cancer (Invasive),1645,849455,0.001936536
2014,TN,Cancer (Invasive),13809,6540007,0.002111466
2014,TX,Cancer (Invasive),37894,26954436,0.001405854
2014,UT,Cancer (Invasive),2889,2938671,0.000983097
2014,VA,Cancer (Invasive),14382,8316902,0.00172925
2014,VT,Cancer (Invasive),1352,625665,0.002160901
2014,WA,Cancer (Invasive),11992,7046931,0.001701734
2014,WI,Cancer (Invasive),11391,5751272,0.001980605
2014,WV,Cancer (Invasive),4750,1847624,0.002570869
2014,WY,Cancer (Invasive),955,583334,0.001637141
2014,AK,Cardiovascular Disease,1015,736759,0.001377655
2014,AL,Cardiovascular Disease,16227,4840037,0.00335266
2014,AR,Cardiovascular Disease,9708,2964800,0.00327442
2014,AZ,Cardiovascular Disease,14489,6706435,0.002160462
2014,CA,Cardiovascular Disease,79249,38701278,0.00204771
2014,CO,Cardiovascular Disease,9439,5342311,0.001766838
2014,CT,Cardiovascular Disease,8981,3600188,0.002494592
2014,DC,Cardiovascular Disease,1657,660797,0.002507578
2014,DE,Cardiovascular Disease,2509,934805,0.002683982
2014,FL,Cardiovascular Disease,58702,19897747,0.002950183
2014,GA,Cardiovascular Disease,22914,10083850,0.002272346
2014,HI,Cardiovascular Disease,3416,1417710,0.00240952
2014,IA,Cardiovascular Disease,8786,3105563,0.002829117
2014,ID,Cardiovascular Disease,3587,1630391,0.002200086
2014,IL,Cardiovascular Disease,32889,12882438,0.002553011
2014,IN,Cardiovascular Disease,18204,6593182,0.002761034
2014,KS,Cardiovascular Disease,7698,2899553,0.002654892
2014,KY,Cardiovascular Disease,12897,4410415,0.002924215
2014,LA,Cardiovascular Disease,13681,4648797,0.002942912
2014,MA,Cardiovascular Disease,15419,6757925,0.002281618
2014,MD,Cardiovascular Disease,14593,5970245,0.002444288
2014,ME,Cardiovascular Disease,3653,1328903,0.002748884
2014,MI,Cardiovascular Disease,31463,9914675,0.003173377
2014,MN,Cardiovascular Disease,10792,5452649,0.001979221
2014,MO,Cardiovascular Disease,18480,6058014,0.003050505
2014,MS,Cardiovascular Disease,9834,2988578,0.003290528
2014,MT,Cardiovascular Disease,2612,1019931,0.002560958
2014,NC,Cardiovascular Disease,24096,9941160,0.002423862
2014,ND,Cardiovascular Disease,1882,738658,0.002547864
2014,NE,Cardiovascular Disease,4568,1880920,0.002428599
2014,NH,Cardiovascular Disease,3160,1328684,0.002378293
2014,NJ,Cardiovascular Disease,23236,8943010,0.00259823
2014,NM,Cardiovascular Disease,4589,2083207,0.002202854
2014,NV,Cardiovascular Disease,7089,2831730,0.002503417
2014,NY,Cardiovascular Disease,53207,19773580,0.002690813
2014,OH,Cardiovascular Disease,35501,11593741,0.003062083
2014,OK,Cardiovascular Disease,12461,3875008,0.003215735
2014,OR,Cardiovascular Disease,9211,3960673,0.002325615
2014,PA,Cardiovascular Disease,40512,12790341,0.00316739
2014,RI,Cardiovascular Disease,2916,1054782,0.002764552
2014,SC,Cardiovascular Disease,13281,4824758,0.002752677
2014,SD,Cardiovascular Disease,2313,849455,0.002722922
2014,TN,Cardiovascular Disease,19891,6540007,0.003041434
2014,TX,Cardiovascular Disease,55138,26954436,0.0020456
2014,UT,Cardiovascular Disease,4577,2938671,0.001557507
2014,VA,Cardiovascular Disease,18464,8316902,0.002220057
2014,VT,Cardiovascular Disease,1695,625665,0.002709117
2014,WA,Cardiovascular Disease,14602,7046931,0.002072108
2014,WI,Cardiovascular Disease,14887,5751272,0.002588471
2014,WV,Cardiovascular Disease,6297,1847624,0.003408161
2014,WY,Cardiovascular Disease,1308,583334,0.002242283
2014,AK,Chronic Kidney Disease,247,736759,0.000335252
2014,AL,Chronic Kidney Disease,3375,4840037,0.000697309
2014,AR,Chronic Kidney Disease,2303,2964800,0.000776781
2014,AZ,Chronic Kidney Disease,2953,6706435,0.000440323
2014,CA,Chronic Kidney Disease,20656,38701278,0.000533729
2014,CO,Chronic Kidney Disease,2309,5342311,0.00043221
2014,CT,Chronic Kidney Disease,2233,3600188,0.000620245
2014,DC,Chronic Kidney Disease,277,660797,0.000419191
2014,DE,Chronic Kidney Disease,677,934805,0.000724215
2014,FL,Chronic Kidney Disease,11267,19897747,0.000566245
2014,GA,Chronic Kidney Disease,5257,10083850,0.000521329
2014,HI,Chronic Kidney Disease,879,1417710,0.000620014
2014,IA,Chronic Kidney Disease,2037,3105563,0.00065592
2014,ID,Chronic Kidney Disease,824,1630391,0.0005054
2014,IL,Chronic Kidney Disease,7908,12882438,0.000613859
2014,IN,Chronic Kidney Disease,5859,6593182,0.000888645
2014,KS,Chronic Kidney Disease,1865,2899553,0.000643203
2014,KY,Chronic Kidney Disease,3769,4410415,0.000854568
2014,LA,Chronic Kidney Disease,2887,4648797,0.000621021
2014,MA,Chronic Kidney Disease,4350,6757925,0.000643689
2014,MD,Chronic Kidney Disease,3268,5970245,0.000547381
2014,ME,Chronic Kidney Disease,911,1328903,0.000685528
2014,MI,Chronic Kidney Disease,6713,9914675,0.000677077
2014,MN,Chronic Kidney Disease,3438,5452649,0.000630519
2014,MO,Chronic Kidney Disease,4652,6058014,0.000767908
2014,MS,Chronic Kidney Disease,2115,2988578,0.000707694
2014,MT,Chronic Kidney Disease,607,1019931,0.000595138
2014,NC,Chronic Kidney Disease,7015,9941160,0.000705652
2014,ND,Chronic Kidney Disease,560,738658,0.000758132
2014,NE,Chronic Kidney Disease,1345,1880920,0.000715076
2014,NH,Chronic Kidney Disease,869,1328684,0.000654031
2014,NJ,Chronic Kidney Disease,5708,8943010,0.000638264
2014,NM,Chronic Kidney Disease,1056,2083207,0.000506911
2014,NV,Chronic Kidney Disease,1226,2831730,0.000432951
2014,NY,Chronic Kidney Disease,9333,19773580,0.000471993
2014,OH,Chronic Kidney Disease,8505,11593741,0.000733585
2014,OK,Chronic Kidney Disease,2738,3875008,0.000706579
2014,OR,Chronic Kidney Disease,2556,3960673,0.000645345
2014,PA,Chronic Kidney Disease,10394,12790341,0.000812644
2014,RI,Chronic Kidney Disease,772,1054782,0.000731905
2014,SC,Chronic Kidney Disease,3803,4824758,0.000788226
2014,SD,Chronic Kidney Disease,625,849455,0.000735766
2014,TN,Chronic Kidney Disease,4645,6540007,0.000710244
2014,TX,Chronic Kidney Disease,16820,26954436,0.000624016
2014,UT,Chronic Kidney Disease,1287,2938671,0.000437953
2014,VA,Chronic Kidney Disease,4882,8316902,0.000586997
2014,VT,Chronic Kidney Disease,381,625665,0.000608952
2014,WA,Chronic Kidney Disease,4449,7046931,0.000631339
2014,WI,Chronic Kidney Disease,4252,5751272,0.000739315
2014,WV,Chronic Kidney Disease,1893,1847624,0.001024559
2014,WY,Chronic Kidney Disease,339,583334,0.000581142
2014,AK,Chronic Obstructive Pulmonary Disease,181,736759,0.000245671
2014,AL,Chronic Obstructive Pulmonary Disease,2955,4840037,0.000610533
2014,AR,Chronic Obstructive Pulmonary Disease,2034,2964800,0.00068605
2014,AZ,Chronic Obstructive Pulmonary Disease,3277,6706435,0.000488635
2014,CA,Chronic Obstructive Pulmonary Disease,12218,38701278,0.0003157
2014,CO,Chronic Obstructive Pulmonary Disease,2390,5342311,0.000447372
2014,CT,Chronic Obstructive Pulmonary Disease,1320,3600188,0.000366648
2014,DC,Chronic Obstructive Pulmonary Disease,127,660797,0.000192192
2014,DE,Chronic Obstructive Pulmonary Disease,442,934805,0.000472826
2014,FL,Chronic Obstructive Pulmonary Disease,10868,19897747,0.000546192
2014,GA,Chronic Obstructive Pulmonary Disease,4202,10083850,0.000416706
2014,HI,Chronic Obstructive Pulmonary Disease,282,1417710,0.000198912
2014,IA,Chronic Obstructive Pulmonary Disease,1835,3105563,0.000590875
2014,ID,Chronic Obstructive Pulmonary Disease,791,1630391,0.00048516
2014,IL,Chronic Obstructive Pulmonary Disease,5419,12882438,0.00042065
2014,IN,Chronic Obstructive Pulmonary Disease,3911,6593182,0.000593189
2014,KS,Chronic Obstructive Pulmonary Disease,1632,2899553,0.000562845
2014,KY,Chronic Obstructive Pulmonary Disease,3133,4410415,0.000710364
2014,LA,Chronic Obstructive Pulmonary Disease,2157,4648797,0.000463991
2014,MA,Chronic Obstructive Pulmonary Disease,2494,6757925,0.000369048
2014,MD,Chronic Obstructive Pulmonary Disease,1804,5970245,0.000302165
2014,ME,Chronic Obstructive Pulmonary Disease,871,1328903,0.000655428
2014,MI,Chronic Obstructive Pulmonary Disease,5205,9914675,0.000524979
2014,MN,Chronic Obstructive Pulmonary Disease,2179,5452649,0.000399622
2014,MO,Chronic Obstructive Pulmonary Disease,3638,6058014,0.000600527
2014,MS,Chronic Obstructive Pulmonary Disease,1674,2988578,0.000560133
2014,MT,Chronic Obstructive Pulmonary Disease,657,1019931,0.000644161
2014,NC,Chronic Obstructive Pulmonary Disease,4858,9941160,0.000488675
2014,ND,Chronic Obstructive Pulmonary Disease,306,738658,0.000414265
2014,NE,Chronic Obstructive Pulmonary Disease,1086,1880920,0.000577377
2014,NH,Chronic Obstructive Pulmonary Disease,657,1328684,0.000494474
2014,NJ,Chronic Obstructive Pulmonary Disease,2898,8943010,0.000324052
2014,NM,Chronic Obstructive Pulmonary Disease,1088,2083207,0.000522272
2014,NV,Chronic Obstructive Pulmonary Disease,1487,2831730,0.000525121
2014,NY,Chronic Obstructive Pulmonary Disease,6441,19773580,0.000325738
2014,OH,Chronic Obstructive Pulmonary Disease,6603,11593741,0.000569531
2014,OK,Chronic Obstructive Pulmonary Disease,2692,3875008,0.000694708
2014,OR,Chronic Obstructive Pulmonary Disease,1857,3960673,0.00046886
2014,PA,Chronic Obstructive Pulmonary Disease,6202,12790341,0.000484897
2014,RI,Chronic Obstructive Pulmonary Disease,492,1054782,0.000466447
2014,SC,Chronic Obstructive Pulmonary Disease,2608,4824758,0.000540545
2014,SD,Chronic Obstructive Pulmonary Disease,430,849455,0.000506207
2014,TN,Chronic Obstructive Pulmonary Disease,3852,6540007,0.00058899
2014,TX,Chronic Obstructive Pulmonary Disease,9370,26954436,0.000347624
2014,UT,Chronic Obstructive Pulmonary Disease,719,2938671,0.000244668
2014,VA,Chronic Obstructive Pulmonary Disease,2961,8316902,0.000356022
2014,VT,Chronic Obstructive Pulmonary Disease,314,625665,0.000501866
2014,WA,Chronic Obstructive Pulmonary Disease,2783,7046931,0.000394924
2014,WI,Chronic Obstructive Pulmonary Disease,2657,5751272,0.000461985
2014,WV,Chronic Obstructive Pulmonary Disease,1543,1847624,0.000835127
2014,WY,Chronic Obstructive Pulmonary Disease,336,583334,0.000575999
2014,AK,Diabetes,311,736759,0.000422119
2014,AL,Diabetes,3319,4840037,0.000685739
2014,AR,Diabetes,2457,2964800,0.000828724
2014,AZ,Diabetes,3738,6706435,0.000557375
2014,CA,Diabetes,22397,38701278,0.000578715
2014,CO,Diabetes,2474,5342311,0.000463095
2014,CT,Diabetes,1899,3600188,0.000527472
2014,DC,Diabetes,440,660797,0.000665863
2014,DE,Diabetes,631,934805,0.000675007
2014,FL,Diabetes,11722,19897747,0.000589112
2014,GA,Diabetes,5285,10083850,0.000524105
2014,HI,Diabetes,901,1417710,0.000635532
2014,IA,Diabetes,2986,3105563,0.0009615
2014,ID,Diabetes,1178,1630391,0.000722526
2014,IL,Diabetes,7839,12882438,0.000608503
2014,IN,Diabetes,5848,6593182,0.000886977
2014,KS,Diabetes,1841,2899553,0.000634925
2014,KY,Diabetes,4472,4410415,0.001013964
2014,LA,Diabetes,3397,4648797,0.000730727
2014,MA,Diabetes,3371,6757925,0.000498822
2014,MD,Diabetes,3929,5970245,0.000658097
2014,ME,Diabetes,1097,1328903,0.000825493
2014,MI,Diabetes,8492,9914675,0.000856508
2014,MN,Diabetes,4814,5452649,0.000882874
2014,MO,Diabetes,4373,6058014,0.000721854
2014,MS,Diabetes,3061,2988578,0.001024233
2014,MT,Diabetes,791,1019931,0.000775543
2014,NC,Diabetes,8226,9941160,0.000827469
2014,ND,Diabetes,571,738658,0.000773024
2014,NE,Diabetes,1703,1880920,0.000905408
2014,NH,Diabetes,1007,1328684,0.000757893
2014,NJ,Diabetes,5501,8943010,0.000615117
2014,NM,Diabetes,886,2083207,0.000425306
2014,NV,Diabetes,1145,2831730,0.000404346
2014,NY,Diabetes,11314,19773580,0.000572178
2014,OH,Diabetes,11994,11593741,0.001034524
2014,OK,Diabetes,4958,3875008,0.001279481
2014,OR,Diabetes,3832,3960673,0.000967512
2014,PA,Diabetes,10918,12790341,0.000853613
2014,RI,Diabetes,923,1054782,0.000875062
2014,SC,Diabetes,4071,4824758,0.000843773
2014,SD,Diabetes,796,849455,0.000937071
2014,TN,Diabetes,5878,6540007,0.000898776
2014,TX,Diabetes,14325,26954436,0.000531452
2014,UT,Diabetes,1274,2938671,0.000433529
2014,VA,Diabetes,4824,8316902,0.000580024
2014,VT,Diabetes,745,625665,0.001190733
2014,WA,Diabetes,5299,7046931,0.000751959
2014,WI,Diabetes,4857,5751272,0.000844509
2014,WV,Diabetes,2482,1847624,0.001343347
2014,WY,Diabetes,362,583334,0.000620571
